epoch,median_scaled_RMS_step,p90_scaled_RMS_step,p95_scaled_RMS_step,median_scaled_max_step,median_SSE_parameter_step,median_CV_parameter_step,fraction_rolling_step_below_tolerance,median_rolling_diameter,rolling_symmetric_SSE_change,rolling_symmetric_CV_change
1,0.04999948,0.04999997,0.04999999,0.05000003,0.05000001,0.04999853,0,0.04999948,NaN,NaN
2,0.04315297,0.05569154,0.0609879,0.06607616,0.04590369,0.03614547,0,0.088947,0.3612472,0.3201873
3,0.03793161,0.05205757,0.05811327,0.06549975,0.04056191,0.03027279,0.005,0.1210932,0.3600878,0.2923911
4,0.03385518,0.04995939,0.05488653,0.06172812,0.03567412,0.02513192,0.005,0.1486728,0.3220137,0.2365125
5,0.03117113,0.0470075,0.05232632,0.05814392,0.03255547,0.02290976,0.01083333,0.1730374,0.31561,0.226943
6,0.02796369,0.04599625,0.05069796,0.05405327,0.02903064,0.01963997,0.01333333,0.1520897,0.2948917,0.1977142
7,0.02575748,0.04503831,0.0511374,0.05120434,0.0268174,0.01634791,0.01666667,0.1377447,0.2656402,0.1605358
8,0.02336536,0.04252826,0.04840402,0.04736163,0.02388838,0.01277063,0.0225,0.124943,0.2399788,0.1502709
9,0.02138406,0.04260925,0.04943946,0.04707272,0.02171311,0.01121378,0.025,0.114861,0.2135892,0.1440082
10,0.0206781,0.04192927,0.04993804,0.04419164,0.02079219,0.009901514,0.02916667,0.104581,0.1766988,0.1430561
11,0.01750091,0.04072778,0.04938082,0.03918399,0.01732139,0.008298591,0.03,0.0948665,0.147652,0.1446512
12,0.01654157,0.03963788,0.04859833,0.03747398,0.01708292,0.007917572,0.03166667,0.08845814,0.1236282,0.1422147
13,0.01549668,0.04084993,0.05052681,0.03523665,0.01578531,0.006648015,0.03166667,0.08186067,0.1000077,0.137334
14,0.01468188,0.03986017,0.05250976,0.03373365,0.01376643,0.007021444,0.0325,0.07489014,0.08539635,0.1369749
15,0.01299458,0.03895971,0.05079389,0.03166365,0.01287605,0.006067772,0.03833333,0.06884037,0.07199788,0.1392391
16,0.01294836,0.0387895,0.05110213,0.03213684,0.01236461,0.005613942,0.0425,0.06411536,0.06221301,0.1261791
17,0.01312539,0.03701971,0.04710225,0.03251363,0.01211353,0.00553031,0.0475,0.06113563,0.05735635,0.121759
18,0.01222674,0.03829749,0.04990324,0.03011585,0.01159922,0.005404386,0.05,0.05769908,0.05447067,0.1180134
19,0.01104388,0.04083493,0.05590935,0.0285974,0.01052403,0.004624124,0.05583333,0.05511788,0.04643363,0.1139833
20,0.01030346,0.04255906,0.05778285,0.02639922,0.009825062,0.004251282,0.05916667,0.05320576,0.04606047,0.10907
21,0.01030379,0.03882012,0.05427613,0.02664293,0.009875704,0.00404875,0.06416667,0.05158042,0.04611391,0.1088828
22,0.009825598,0.03763659,0.05154978,0.02544401,0.009032089,0.004305933,0.06166667,0.04974197,0.04757671,0.1089396
23,0.009784974,0.04067679,0.05778528,0.02552065,0.00869743,0.004348315,0.06166667,0.04704338,0.04448007,0.118697
24,0.009762172,0.03758395,0.05042423,0.02490173,0.008713634,0.004152498,0.06083333,0.04654436,0.04401743,0.1238625
25,0.009057287,0.03421505,0.04892837,0.02346519,0.00845315,0.00346453,0.06583333,0.04440385,0.04443198,0.1200432
26,0.00908215,0.03749675,0.05394002,0.02356361,0.008161235,0.003473585,0.06916667,0.04217755,0.03953899,0.1126797
27,0.008932482,0.03674711,0.04718899,0.02397479,0.007808559,0.003392271,0.07666667,0.04197003,0.03716825,0.1134615
28,0.008394839,0.03523443,0.05088282,0.02185899,0.00722737,0.003038028,0.08666667,0.04080895,0.04063544,0.1081116
29,0.008441132,0.03335004,0.05285404,0.02219858,0.007525178,0.003182366,0.09166667,0.04002904,0.04124591,0.1189514
30,0.008034922,0.03776252,0.05839674,0.02134159,0.007338064,0.002788195,0.09666666,0.03903197,0.03934566,0.1211894
31,0.007326069,0.03483829,0.05129737,0.01889497,0.007145713,0.002561382,0.1125,0.03818857,0.03877136,0.1365791
32,0.00790357,0.03361743,0.04615381,0.020949,0.006696673,0.003204857,0.1133333,0.03713306,0.0386825,0.1445526
33,0.007938443,0.03163899,0.04392886,0.02001758,0.007519203,0.002647706,0.1275,0.03555494,0.03555725,0.1337493
34,0.007264047,0.0337926,0.05139118,0.01917442,0.006489286,0.002678231,0.1375,0.03481437,0.03331022,0.1363777
35,0.006860964,0.03325979,0.04543485,0.0180617,0.005943185,0.002847662,0.1375,0.03414247,0.03250648,0.1376944
36,0.007118052,0.03096431,0.04739524,0.0182862,0.006160419,0.002469857,0.1366667,0.03290579,0.03209307,0.1189433
37,0.006881784,0.03125434,0.04560575,0.01772533,0.005939428,0.002420368,0.1441667,0.03313256,0.03031275,0.10787
38,0.006256651,0.02872115,0.04262747,0.01658747,0.005438031,0.002343431,0.1516667,0.03276533,0.02851165,0.1088881
39,0.006368093,0.03117242,0.04617031,0.01692607,0.005333852,0.002490316,0.1575,0.03161491,0.02755253,0.09580193
40,0.006032557,0.02983824,0.04504349,0.01640475,0.005201656,0.002655817,0.1633333,0.02931956,0.02688866,0.09333132
41,0.006463724,0.03111782,0.04469374,0.0179812,0.005510488,0.002719661,0.1541667,0.03031289,0.02910128,0.09159581
42,0.006167197,0.03083624,0.04712404,0.01663324,0.004754611,0.002718842,0.1483333,0.02906993,0.02728174,0.09118231
43,0.005741618,0.03026274,0.04586018,0.01537142,0.004776048,0.00256164,0.1433333,0.02837127,0.02904639,0.09256515
44,0.00559104,0.03232647,0.04532237,0.01469659,0.004232836,0.002163505,0.1575,0.02763259,0.02904539,0.1013258
45,0.006297861,0.03123319,0.04514551,0.01660293,0.005192593,0.002232394,0.1633333,0.027658,0.03404258,0.1051537
46,0.005872702,0.02970641,0.04733465,0.01488857,0.004937394,0.002125696,0.1866667,0.02658682,0.0350557,0.1170418
47,0.0061462,0.02978894,0.04598086,0.01655159,0.004190694,0.002543954,0.1875,0.02634759,0.0332776,0.1149327
48,0.00488387,0.02892324,0.04068246,0.01300767,0.004156918,0.001601897,0.2083333,0.02531141,0.03331063,0.1176926
49,0.005363866,0.03305812,0.04584606,0.0143447,0.004090601,0.002157578,0.2,0.02546752,0.03447317,0.1162868
50,0.004916589,0.02550798,0.03895407,0.01347589,0.003848167,0.001921155,0.2041667,0.02464318,0.03336492,0.1348296
51,0.004791574,0.02791116,0.04028125,0.01296114,0.002939777,0.00210264,0.1991667,0.0239763,0.02860498,0.1152336
52,0.004681972,0.02716922,0.04525163,0.01232187,0.002987525,0.001850009,0.215,0.02285196,0.02731822,0.1157058
53,0.005347659,0.03091918,0.05001235,0.0145462,0.003410622,0.00241069,0.2041667,0.02165536,0.025095,0.1172712
54,0.004564218,0.02740791,0.04059136,0.01247201,0.002636405,0.001790126,0.2133333,0.02178063,0.02345918,0.1438201
55,0.005231595,0.03068392,0.04828182,0.01377958,0.002712572,0.002582408,0.21,0.02210059,0.02088798,0.1255926
56,0.004578128,0.02668514,0.03926016,0.01185257,0.002399486,0.002237311,0.2141667,0.02205242,0.02005644,0.1268761
57,0.003861389,0.02813299,0.04356365,0.01034912,0.002637188,0.001802357,0.1991667,0.02224959,0.02425201,0.1652536
58,0.003831536,0.02565388,0.03606489,0.01010695,0.002577325,0.001285862,0.2233333,0.02029131,0.02676362,0.1682153
59,0.003887014,0.02571317,0.03822484,0.01072974,0.001918253,0.001746882,0.24,0.01977335,0.02961294,0.167995
60,0.004249251,0.02892435,0.04646705,0.01213623,0.001974714,0.00205865,0.2525,0.01907184,0.02918756,0.1652738
61,0.004115796,0.02534094,0.03981369,0.01061073,0.001744025,0.001779884,0.265,0.01851741,0.03012372,0.1674181
62,0.003963296,0.02343754,0.03822959,0.01064293,0.00143203,0.001865805,0.26,0.01890153,0.0271826,0.1269766
63,0.003860514,0.02759542,0.04420453,0.01098315,0.001822096,0.001882863,0.2475,0.01865039,0.03006182,0.1117916
64,0.004082268,0.02398304,0.03565955,0.01096892,0.001545056,0.002337782,0.2291667,0.01864895,0.03136676,0.1026286
65,0.00345325,0.0233659,0.03276185,0.009265399,0.001045652,0.001751684,0.2475,0.01840246,0.03060311,0.1009089
66,0.003423394,0.02479355,0.04048864,0.00932138,0.001578946,0.001626994,0.2533333,0.01782952,0.02917168,0.08777022
67,0.003546868,0.02598793,0.04462199,0.009439811,0.001320559,0.001887958,0.2633333,0.01795316,0.02851943,0.08573048
68,0.003242363,0.02421167,0.04036415,0.009120196,0.001230915,0.00169423,0.2658333,0.01713608,0.02356025,0.07783756
69,0.003308848,0.02433385,0.03655337,0.008824473,0.001295468,0.001892942,0.285,0.01640722,0.02251834,0.08185969
70,0.003101053,0.02303672,0.03360496,0.00854299,0.001562321,0.001486152,0.2908333,0.01624102,0.02410438,0.09302281
71,0.002837203,0.02763533,0.0417557,0.007681747,0.001209212,0.00152429,0.2925,0.01500505,0.02014234,0.1274063
72,0.003831378,0.02662143,0.04480898,0.01023881,0.001000155,0.002078178,0.2841667,0.01465065,0.01768015,0.1690949
73,0.00260558,0.02593224,0.03650982,0.007388767,0.0008992128,0.001322334,0.2983333,0.01382859,0.01789176,0.2092777
74,0.00338723,0.02384426,0.03721499,0.009261335,0.0008277163,0.00212191,0.2916667,0.01377812,0.0145749,0.2125044
75,0.00361222,0.02057937,0.03150721,0.009970671,0.0008468993,0.002370332,0.265,0.01370646,0.01394014,0.1954572
76,0.002582461,0.02093666,0.03572661,0.007026475,0.0007001891,0.001415589,0.2666667,0.01324246,0.0130376,0.1827592
77,0.002443999,0.02033462,0.03392662,0.006864598,0.0005780027,0.001360172,0.2925,0.01276631,0.01218996,0.173596
78,0.002384028,0.0214156,0.03453455,0.006809647,0.0004776283,0.001428458,0.3,0.01326384,0.01288197,0.1487223
79,0.003939647,0.02885402,0.04322653,0.0108818,0.0009981464,0.002468109,0.2983333,0.01380883,0.01476217,0.1481533
80,0.002616121,0.02300403,0.0348106,0.007323244,0.001024719,0.00127937,0.3183333,0.01291637,0.01588983,0.1161344
81,0.002840094,0.02016066,0.0309665,0.007750907,0.0009591285,0.001795483,0.3041667,0.0127261,0.01595564,0.09786348
82,0.002745441,0.0191889,0.02948422,0.00756044,0.0005438338,0.001935711,0.2791667,0.01351163,0.01690287,0.113231
83,0.002926354,0.02123422,0.03230738,0.008007336,0.0007145939,0.00177836,0.27,0.01408083,0.01618369,0.112745
84,0.002376608,0.02069065,0.03444046,0.007039678,0.0005717506,0.001634995,0.2908333,0.01213834,0.01601994,0.087293
85,0.002189073,0.01937389,0.03220991,0.005795969,0.001064379,0.0009877897,0.31,0.01112671,0.0169574,0.08560772
86,0.003003629,0.02119541,0.03579154,0.008291876,0.0005051476,0.001888047,0.305,0.01107882,0.01733388,0.1045797
87,0.003240378,0.02789371,0.04226723,0.00906949,0.000735787,0.002176193,0.3125,0.01141635,0.02006508,0.0997679
88,0.002034279,0.02012978,0.03508911,0.005865729,0.0005068862,0.001203032,0.3383333,0.01076349,0.02129565,0.114961
89,0.002429531,0.01766316,0.02817638,0.006863594,0.0008153987,0.001730539,0.3275,0.01054882,0.02420789,0.1240658
90,0.002321556,0.01674873,0.02762241,0.006337995,0.0006814178,0.00165217,0.3025,0.01076781,0.01922076,0.1319575
91,0.002592078,0.0225304,0.03185935,0.007427156,0.0006892346,0.00170072,0.3166667,0.01052928,0.02002194,0.1253877
92,0.0017506,0.02015101,0.03177779,0.005078499,0.0004601177,0.001178175,0.3283333,0.009426832,0.02049508,0.1315152
93,0.002761747,0.02459231,0.03989865,0.007815787,0.0007230848,0.00178356,0.3208333,0.01007433,0.02995271,0.1272241
94,0.003008385,0.02346923,0.03275696,0.008394909,0.0005256863,0.001855595,0.3116667,0.01032808,0.02702703,0.1289106
95,0.002072427,0.01854171,0.02820699,0.005745637,0.0004644762,0.001431074,0.3183333,0.01078445,0.02948899,0.1021128
96,0.002095129,0.01866389,0.03018177,0.00606896,0.0005504445,0.001388696,0.3316667,0.01054992,0.03171593,0.1250098
97,0.002418149,0.01930994,0.02993989,0.006640175,0.0004925414,0.001874713,0.32,0.01097369,0.02971902,0.1264965
98,0.002305151,0.01809595,0.03026389,0.006324732,0.0005349157,0.001634518,0.3275,0.01035321,0.01904159,0.1460917
99,0.002223961,0.01942131,0.03103172,0.006426591,0.0003628733,0.001568954,0.3325,0.01028114,0.01985804,0.1768484
100,0.001904899,0.01962471,0.02898925,0.005489394,0.0006125605,0.001210163,0.3458333,0.009860671,0.02100269,0.213114
