init_id,cell,epsilon,epsilon_percent_log,center_gain,seed_count,fd_log_mean,fd_log_ci_low,fd_log_ci_high,fd_log_sem,analytic_log_mean,analytic_log_ci_low,analytic_log_ci_high,analytic_log_sem,fd_resolved,analytic_resolved,raw_aligned,zero_difference_fraction,center_firing_rate_mean_hz,stable_sign_window,magnitude_stable_window,qualified,status
0,1,0.0025,0.25,0.0103693585842847,8,-4025.0093283614933,-10784.729972129691,2734.7113154067038,2858.6870151631597,-67.24512923842317,-162.0659624639407,27.57570398709437,40.099746571425584,False,False,True,0.0,37.179960404013286,False,False,False,gray
0,1,0.005,0.5,0.0103693585842847,8,-1887.5102083900342,-5693.935192263995,1918.9147754839269,1609.7377760166316,-67.24512923842317,-162.0659624639407,27.57570398709437,40.099746571425584,False,False,True,0.0,37.179960404013286,False,False,False,gray
0,1,0.01,1.0,0.0103693585842847,8,-1806.249977689707,-4923.997751557004,1311.4977961775908,1318.496066242752,-67.24512923842317,-162.0659624639407,27.57570398709437,40.099746571425584,False,False,True,0.0,37.179960404013286,False,False,False,gray
0,1,0.02,2.0,0.0103693585842847,8,-1078.1256203699772,-2389.7754482513938,233.52420751143927,554.6969363093963,-67.24512923842317,-162.0659624639407,27.57570398709437,40.099746571425584,False,False,True,0.125,37.179960404013286,False,False,False,gray
0,1,0.05,5.0,0.0103693585842847,8,-1273.7504392948813,-2154.7794205450323,-392.7214580447304,372.5873066964866,-67.24512923842317,-162.0659624639407,27.57570398709437,40.099746571425584,True,False,True,0.0,37.179960404013286,False,False,False,gray
0,1,0.1,10.0,0.0103693585842847,8,-1745.000077436786,-2455.2770793985037,-1034.7230754750683,300.3762654820456,-67.24512923842317,-162.0659624639407,27.57570398709437,40.099746571425584,True,False,True,0.0,37.179960404013286,False,False,False,gray
0,2,0.0025,0.25,0.0017865144181996,8,15224.660732728655,4426.699749414576,26022.621716042733,4566.459544699625,10350.350156595843,9564.49093860573,11136.209374585957,332.33999755384684,True,True,True,0.0,72.1368410456025,True,True,True,green
0,2,0.005,0.5,0.0017865144181996,8,16450.006020063287,6855.878614378751,26044.133425747823,4057.3581190423974,10350.350156595843,9564.49093860573,11136.209374585957,332.33999755384684,True,True,True,0.0,72.1368410456025,True,True,True,green
0,2,0.01,1.0,0.0017865144181996,8,15762.497391084991,10572.106177399142,20952.88860477084,2195.0173310578457,10350.350156595843,9564.49093860573,11136.209374585957,332.33999755384684,True,True,True,0.0,72.1368410456025,True,True,True,green
0,2,0.02,2.0,0.0017865144181996,8,13187.512702986936,10288.799284203928,16086.226121769945,1225.86640005509,10350.350156595843,9564.49093860573,11136.209374585957,332.33999755384684,True,True,True,0.0,72.1368410456025,True,True,True,green
0,2,0.05,5.0,0.0017865144181996,8,12161.255502111977,11134.368533074672,13188.142471149282,434.27067465184206,10350.350156595843,9564.49093860573,11136.209374585957,332.33999755384684,True,True,True,0.0,72.1368410456025,True,True,True,green
0,2,0.1,10.0,0.0017865144181996,8,12502.497423974944,11933.810149144649,13071.18469880524,240.49794568724127,10350.350156595843,9564.49093860573,11136.209374585957,332.33999755384684,True,True,True,0.0,72.1368410456025,True,True,True,green
0,7,0.0025,0.25,0.0159809570759534,8,12474.883135405184,-3201.4371367137755,28151.203407524143,6629.518521413947,3600521.7427777834,3506935.7141360645,3694107.7714195023,39577.54750196789,False,True,True,0.0,135.45266937351096,False,False,False,gray
0,7,0.005,0.5,0.0159809570759534,8,10037.437411962528,-433.03654037513843,20507.911364300195,4427.965223347799,3600521.7427777834,3506935.7141360645,3694107.7714195023,39577.54750196789,False,True,True,0.0,135.45266937351096,False,False,False,gray
0,7,0.01,1.0,0.0159809570759534,8,18224.902296946515,8346.986854767163,28102.817739125865,4177.372128161884,3600521.7427777834,3506935.7141360645,3694107.7714195023,39577.54750196789,True,True,True,0.0,135.45266937351096,True,True,True,green
0,7,0.02,2.0,0.0159809570759534,8,17874.96456007089,12924.568618545163,22825.360501596617,2093.5232894575934,3600521.7427777834,3506935.7141360645,3694107.7714195023,39577.54750196789,True,True,True,0.0,135.45266937351096,True,True,True,green
0,7,0.05,5.0,0.0159809570759534,8,17098.762876711764,15286.468700308924,18911.057053114604,766.4195168353276,3600521.7427777834,3506935.7141360645,3694107.7714195023,39577.54750196789,True,True,True,0.0,135.45266937351096,True,True,True,green
0,7,0.1,10.0,0.0159809570759534,8,15866.875193850337,14955.237348443625,16778.51303925705,385.53180057789075,3600521.7427777834,3506935.7141360645,3694107.7714195023,39577.54750196789,True,True,True,0.0,135.45266937351096,True,True,True,green
1,1,0.0025,0.25,0.0065463040955364,8,47573.970256332206,31087.612378433412,64060.328134231,6972.083563295001,340265.44394642673,328430.6940417601,352100.19385109335,5004.917756677341,True,True,True,0.0,160.59444313949194,True,True,True,green
1,1,0.005,0.5,0.0065463040955364,8,30625.085721704912,18953.671427510035,42296.50001589979,4935.8430991025925,340265.44394642673,328430.6940417601,352100.19385109335,5004.917756677341,True,True,True,0.0,160.59444313949194,True,True,True,green
1,1,0.01,1.0,0.0065463040955364,8,26068.778544901394,14062.995613079558,38074.56147672323,5077.2476530826725,340265.44394642673,328430.6940417601,352100.19385109335,5004.917756677341,True,True,True,0.0,160.59444313949194,True,True,True,green
1,1,0.02,2.0,0.0065463040955364,8,28081.236043072422,21131.79874889705,35030.67333724779,2938.9182190338734,340265.44394642673,328430.6940417601,352100.19385109335,5004.917756677341,True,True,True,0.0,160.59444313949194,True,True,True,green
1,1,0.05,5.0,0.0065463040955364,8,30451.270610818938,26702.349231487344,34200.19199015053,1585.4194918310436,340265.44394642673,328430.6940417601,352100.19385109335,5004.917756677341,True,True,True,0.0,160.59444313949194,True,True,True,green
1,1,0.1,10.0,0.0065463040955364,8,28681.871619485395,25606.77663987566,31756.96659909513,1300.4581922639013,340265.44394642673,328430.6940417601,352100.19385109335,5004.917756677341,True,True,True,0.0,160.59444313949194,True,True,True,green
1,2,0.0025,0.25,0.0059406426735222,8,5774.930479346118,3903.5515399851256,7646.30941870711,791.4064731850958,5203.170920741017,4916.477647084464,5489.86419439757,121.2426344115517,True,True,True,0.0,51.453810274822985,True,True,True,green
1,2,0.005,0.5,0.0059406426735222,8,5124.994451204315,1771.7456633409051,8478.243239067724,1418.0894852975896,5203.170920741017,4916.477647084464,5489.86419439757,121.2426344115517,True,True,True,0.0,51.453810274822985,True,True,True,green
1,2,0.01,1.0,0.0059406426735222,8,3981.2485169512283,1132.6433413733967,6829.85369252906,1204.675615442514,5203.170920741017,4916.477647084464,5489.86419439757,121.2426344115517,True,True,True,0.0,51.453810274822985,True,True,True,green
1,2,0.02,2.0,0.0059406426735222,8,3581.252369993759,1286.5471912446196,5875.957548742899,970.4312121485905,5203.170920741017,4916.477647084464,5489.86419439757,121.2426344115517,True,True,True,0.0,51.453810274822985,True,True,True,green
1,2,0.05,5.0,0.0059406426735222,8,3965.00284671427,3151.5234041895983,4778.482289238942,344.0205952284897,5203.170920741017,4916.477647084464,5489.86419439757,121.2426344115517,True,True,True,0.0,51.453810274822985,True,True,True,green
1,2,0.1,10.0,0.0059406426735222,8,3741.249021848802,3241.9122048790373,4240.585838818566,211.16962520934004,5203.170920741017,4916.477647084464,5489.86419439757,121.2426344115517,True,True,True,0.0,51.453810274822985,True,True,True,green
1,7,0.0025,0.25,0.0054341284558176,8,3199.97646924715,-9718.161970613397,16118.114909107699,5463.08295331025,40629.871260476066,38856.48283991838,42403.25968103375,749.9662660412753,False,True,True,0.0,87.40897956444414,False,False,False,gray
1,7,0.005,0.5,0.0054341284558176,8,1624.9931422190853,-7395.669399670978,10645.65568410915,3814.839730165944,40629.871260476066,38856.48283991838,42403.25968103375,749.9662660412753,False,True,True,0.0,87.40897956444414,False,False,False,gray
1,7,0.01,1.0,0.0054341284558176,8,6418.748353123552,1336.1364408569598,11501.360265390143,2149.437446073304,40629.871260476066,38856.48283991838,42403.25968103375,749.9662660412753,True,True,True,0.0,87.40897956444414,True,True,True,green
1,7,0.02,2.0,0.0054341284558176,8,7490.644246051141,5329.193210066728,9652.095282035552,914.0780124066152,40629.871260476066,38856.48283991838,42403.25968103375,749.9662660412753,True,True,True,0.0,87.40897956444414,True,True,True,green
1,7,0.05,5.0,0.0054341284558176,8,8087.503342567041,6563.762636713773,9611.244048420309,644.3902048398992,40629.871260476066,38856.48283991838,42403.25968103375,749.9662660412753,True,True,True,0.0,87.40897956444414,True,True,True,green
1,7,0.1,10.0,0.0054341284558176,8,7767.4977117250055,7185.058069635959,8349.937353814052,246.3138241505901,40629.871260476066,38856.48283991838,42403.25968103375,749.9662660412753,True,True,True,0.0,87.40897956444414,True,True,True,green
2,1,0.0025,0.25,0.0166266057640314,8,15049.91637935636,-13363.218540866455,43463.05129957918,12015.919612210711,3399689.8654364683,3322409.293405243,3476970.4374676934,32681.96711556601,False,True,True,0.0,218.69232576088052,False,False,False,gray
2,1,0.005,0.5,0.0166266057640314,8,23862.708823117893,2785.607783662479,44939.80986257331,8913.509630656166,3399689.8654364683,3322409.293405243,3476970.4374676934,32681.96711556601,True,True,True,0.0,218.69232576088052,True,True,True,green
2,1,0.01,1.0,0.0166266057640314,8,23049.972762014182,13617.517754059641,32482.427769968723,3988.9868344202864,3399689.8654364683,3322409.293405243,3476970.4374676934,32681.96711556601,True,True,True,0.0,218.69232576088052,True,True,True,green
2,1,0.02,2.0,0.0166266057640314,8,19765.64996812187,14848.98649209086,24682.313444152882,2079.2578240366097,3399689.8654364683,3322409.293405243,3476970.4374676934,32681.96711556601,True,True,True,0.0,218.69232576088052,True,True,True,green
2,1,0.05,5.0,0.0166266057640314,8,22038.751292603803,20746.700366047946,23330.80221915966,546.4085575903013,3399689.8654364683,3322409.293405243,3476970.4374676934,32681.96711556601,True,True,True,0.0,218.69232576088052,True,True,True,green
2,1,0.1,10.0,0.0166266057640314,8,21194.996453397423,20091.679765649515,22298.313141145332,466.59281575274673,3399689.8654364683,3322409.293405243,3476970.4374676934,32681.96711556601,True,True,True,0.0,218.69232576088052,True,True,True,green
2,2,0.0025,0.25,0.0100537622347474,8,153324.3823073905,78714.35383352432,227934.41078125668,31552.593788890437,2126017.9864548333,2094905.1995723646,2157130.7733373023,13157.602888286205,True,True,True,0.0,304.6332337841012,True,True,True,green
2,2,0.005,0.5,0.0100537622347474,8,118737.39044967399,84310.12133627161,153164.65956307636,14559.297990034807,2126017.9864548333,2094905.1995723646,2157130.7733373023,13157.602888286205,True,True,True,0.0,304.6332337841012,True,True,True,green
2,2,0.01,1.0,0.0100537622347474,8,134475.3134121634,113352.56116416963,155598.06566015718,8932.815534546651,2126017.9864548333,2094905.1995723646,2157130.7733373023,13157.602888286205,True,True,True,0.0,304.6332337841012,True,True,True,green
2,2,0.02,2.0,0.0100537622347474,8,129806.42547007777,116684.25653845286,142928.5944017027,5549.367483136472,2126017.9864548333,2094905.1995723646,2157130.7733373023,13157.602888286205,True,True,True,0.0,304.6332337841012,True,True,True,green
2,2,0.05,5.0,0.0100537622347474,8,129691.29566676654,122940.040457913,136442.55087562007,2855.106981291412,2126017.9864548333,2094905.1995723646,2157130.7733373023,13157.602888286205,True,True,True,0.0,304.6332337841012,True,True,True,green
2,2,0.1,10.0,0.0100537622347474,8,132427.45297502558,128191.73038541985,136663.1755646313,1791.28780682706,2126017.9864548333,2094905.1995723646,2157130.7733373023,13157.602888286205,True,True,True,0.0,304.6332337841012,True,True,True,green
2,7,0.0025,0.25,0.0021897365804761,8,12524.809436193133,4424.8618488978045,20624.757023488462,3425.4692185615936,7165.237357443904,6893.467041881221,7437.0076730065875,114.93171288403309,True,True,True,0.0,79.43525385054193,True,True,True,green
2,7,0.005,0.5,0.0021897365804761,8,10074.98513731452,2760.6489319119664,17389.32134271707,3093.234030935654,7165.237357443904,6893.467041881221,7437.0076730065875,114.93171288403309,True,True,True,0.0,79.43525385054193,True,True,True,green
2,7,0.01,1.0,0.0021897365804761,8,10925.004068217986,5917.542948181415,15932.465188254557,2117.6561631995446,7165.237357443904,6893.467041881221,7437.0076730065875,114.93171288403309,True,True,True,0.0,79.43525385054193,True,True,True,green
2,7,0.02,2.0,0.0021897365804761,8,8543.771779964043,5896.36086252322,11191.182697404867,1119.5905293018782,7165.237357443904,6893.467041881221,7437.0076730065875,114.93171288403309,True,True,True,0.0,79.43525385054193,True,True,True,green
2,7,0.05,5.0,0.0021897365804761,8,8433.746559368687,7195.500873113906,9671.992245623467,523.6543122742279,7165.237357443904,6893.467041881221,7437.0076730065875,114.93171288403309,True,True,True,0.0,79.43525385054193,True,True,True,green
2,7,0.1,10.0,0.0021897365804761,8,9014.375142021709,8618.789698075469,9409.960585967949,167.29315183153452,7165.237357443904,6893.467041881221,7437.0076730065875,114.93171288403309,True,True,True,0.0,79.43525385054193,True,True,True,green
3,1,0.0025,0.25,0.0030624063219875,8,2274.9565169103453,-5033.924995411092,9583.838029231782,3090.9272402997035,7591.533107551622,6371.928569777347,8811.137645325898,515.7709673969398,False,True,True,0.0,61.159860407368875,False,False,False,gray
3,1,0.005,0.5,0.0030624063219875,8,2099.998306294448,-1408.157371202044,5608.15398379094,1483.5996353896132,7591.533107551622,6371.928569777347,8811.137645325898,515.7709673969398,False,True,True,0.0,61.159860407368875,False,False,False,gray
3,1,0.01,1.0,0.0030624063219875,8,-75.00002317731128,-4468.289335370283,4318.289289015661,1857.9228007298418,7591.533107551622,6371.928569777347,8811.137645325898,515.7709673969398,False,True,False,0.0,61.159860407368875,False,False,False,gray
3,1,0.02,2.0,0.0030624063219875,8,618.7505742783269,-860.3122473414171,2097.8133958980707,625.4959199642243,7591.533107551622,6371.928569777347,8811.137645325898,515.7709673969398,False,True,True,0.0,61.159860407368875,False,False,False,gray
3,1,0.05,5.0,0.0030624063219875,8,648.7502953474183,-135.6528054377403,1433.1533961325767,331.72420533909076,7591.533107551622,6371.928569777347,8811.137645325898,515.7709673969398,False,True,True,0.0,61.159860407368875,False,False,False,gray
3,1,0.1,10.0,0.0030624063219875,8,1356.87479501759,745.7950710373657,1967.9545189978144,258.4257196755924,7591.533107551622,6371.928569777347,8811.137645325898,515.7709673969398,True,True,True,0.0,61.159860407368875,False,False,False,gray
3,2,0.0025,0.25,0.0152102718129754,8,12824.93872933325,-13611.246394361957,39261.12385302845,11179.867205492834,1076487.3511024239,1059619.3779124406,1093355.3242924071,7133.468743975391,False,True,True,0.0,156.34542465017952,False,False,False,gray
3,2,0.005,0.5,0.0152102718129754,8,15449.974363520243,9526.275121853447,21373.67360518704,2505.133421378326,1076487.3511024239,1059619.3779124406,1093355.3242924071,7133.468743975391,True,True,True,0.0,156.34542465017952,True,True,True,green
3,2,0.01,1.0,0.0152102718129754,8,19943.722642052533,14820.832218287476,25066.61306581759,2166.4712354676794,1076487.3511024239,1059619.3779124406,1093355.3242924071,7133.468743975391,True,True,True,0.0,156.34542465017952,True,True,True,green
3,2,0.02,2.0,0.0152102718129754,8,18015.64577053881,13736.34669653022,22294.944844547397,1809.716309526176,1076487.3511024239,1059619.3779124406,1093355.3242924071,7133.468743975391,True,True,True,0.0,156.34542465017952,True,True,True,green
3,2,0.05,5.0,0.0152102718129754,8,16613.7511978699,14585.287261503323,18642.215134236478,857.8377452570859,1076487.3511024239,1059619.3779124406,1093355.3242924071,7133.468743975391,True,True,True,0.0,156.34542465017952,True,True,True,green
3,2,0.1,10.0,0.0152102718129754,8,17141.244045124542,16377.656105895263,17904.831984353823,322.92146996079185,1076487.3511024239,1059619.3779124406,1093355.3242924071,7133.468743975391,True,True,True,0.0,156.34542465017952,True,True,True,green
3,7,0.0025,0.25,0.0139875570312142,8,63449.32706324115,16026.6478582286,110872.0062682537,20055.059138072007,1926308.641678514,1896807.3453401353,1955809.9380168926,12476.103261863707,True,True,True,0.0,242.87775578000736,True,True,True,green
3,7,0.005,0.5,0.0139875570312142,8,58562.45063974666,38437.200274647446,78687.70100484588,8510.971817845084,1926308.641678514,1896807.3453401353,1955809.9380168926,12476.103261863707,True,True,True,0.0,242.87775578000736,True,True,True,green
3,7,0.01,1.0,0.0139875570312142,8,65174.89307323935,47683.69372546274,82666.09242101596,7397.031192585772,1926308.641678514,1896807.3453401353,1955809.9380168926,12476.103261863707,True,True,True,0.0,242.87775578000736,True,True,True,green
3,7,0.02,2.0,0.0139875570312142,8,61643.85830853457,54644.64676105618,68643.06985601295,2959.9677592597623,1926308.641678514,1896807.3453401353,1955809.9380168926,12476.103261863707,True,True,True,0.0,242.87775578000736,True,True,True,green
3,7,0.05,5.0,0.0139875570312142,8,57832.51548470424,54060.169151224385,61604.8618181841,1595.325908942552,1926308.641678514,1896807.3453401353,1955809.9380168926,12476.103261863707,True,True,True,0.0,242.87775578000736,True,True,True,green
3,7,0.1,10.0,0.0139875570312142,8,58224.99805629261,56923.18286231199,59526.813250273226,550.5378679524796,1926308.641678514,1896807.3453401353,1955809.9380168926,12476.103261863707,True,True,True,0.0,242.87775578000736,True,True,True,green
4,1,0.0025,0.25,0.0108905816450715,8,62324.38781288219,22715.385901920286,101933.3897238441,16750.653675433517,454824.9294868782,443195.6056560743,466454.25331768213,4918.043034943312,True,True,True,0.0,252.87322573068016,True,True,True,green
4,1,0.005,0.5,0.0108905816450715,8,53399.64176172298,32181.26912858934,74618.01439485663,8973.25341175926,454824.9294868782,443195.6056560743,466454.25331768213,4918.043034943312,True,True,True,0.0,252.87322573068016,True,True,True,green
4,1,0.01,1.0,0.0108905816450715,8,52343.829264985565,39634.20139289098,65053.45713708015,5374.90379857752,454824.9294868782,443195.6056560743,466454.25331768213,4918.043034943312,True,True,True,0.0,252.87322573068016,True,True,True,green
4,1,0.02,2.0,0.0108905816450715,8,57681.26372157657,52590.55223445562,62771.97520869752,2152.8627576630424,454824.9294868782,443195.6056560743,466454.25331768213,4918.043034943312,True,True,True,0.0,252.87322573068016,True,True,True,green
4,1,0.05,5.0,0.0108905816450715,8,58782.529374549646,53831.15360587497,63733.90514322432,2093.9376585262908,454824.9294868782,443195.6056560743,466454.25331768213,4918.043034943312,True,True,True,0.0,252.87322573068016,True,True,True,green
4,1,0.1,10.0,0.0108905816450715,8,57886.863039271644,56712.97997153022,59060.74610701307,496.4353499084293,454824.9294868782,443195.6056560743,466454.25331768213,4918.043034943312,True,True,True,0.0,252.87322573068016,True,True,True,green
4,2,0.0025,0.25,0.0116654084995388,8,78349.06426552351,40178.41248720734,116519.7160438397,16142.375158592258,1734972.1054024603,1701370.742922595,1768573.4678823256,14210.021933604008,True,True,True,0.0,214.2042213348545,True,True,True,green
4,2,0.005,0.5,0.0116654084995388,8,117587.39785480537,69710.33722196215,165464.45848764858,20247.217121533693,1734972.1054024603,1701370.742922595,1768573.4678823256,14210.021933604008,True,True,True,0.0,214.2042213348545,True,True,True,green
4,2,0.01,1.0,0.0116654084995388,8,80956.22398147927,63665.554407854506,98246.89355510403,7312.22711683599,1734972.1054024603,1701370.742922595,1768573.4678823256,14210.021933604008,True,True,True,0.0,214.2042213348545,True,True,True,green
4,2,0.02,2.0,0.0116654084995388,8,86762.65136912608,78413.63927797282,95111.66346027933,3530.798639796349,1734972.1054024603,1701370.742922595,1768573.4678823256,14210.021933604008,True,True,True,0.0,214.2042213348545,True,True,True,green
4,2,0.05,5.0,0.0116654084995388,8,79441.29355788817,74579.20785348603,84303.37926229031,2056.176875090022,1734972.1054024603,1701370.742922595,1768573.4678823256,14210.021933604008,True,True,True,0.0,214.2042213348545,True,True,True,green
4,2,0.1,10.0,0.0116654084995388,8,79424.36613734382,75656.74185949542,83191.99041519222,1593.3289508092334,1734972.1054024603,1701370.742922595,1768573.4678823256,14210.021933604008,True,True,True,0.0,214.2042213348545,True,True,True,green
4,7,0.0025,0.25,0.0098292483016848,8,4724.949192591872,-825.520685637096,10275.41907082084,2347.2946598133863,164.22326387176156,121.90605995901535,206.54046778450777,17.89595276469055,False,True,True,0.0,26.52595550484883,False,False,False,gray
4,7,0.005,0.5,0.0098292483016848,8,5087.508941587903,817.725025679094,9357.292857496712,1805.6923475400922,164.22326387176156,121.90605995901535,206.54046778450777,17.89595276469055,True,True,True,0.0,26.52595550484883,True,True,True,green
4,7,0.01,1.0,0.0098292483016848,8,4131.250271666372,1186.389373723432,7076.111169609312,1245.3821768762266,164.22326387176156,121.90605995901535,206.54046778450777,17.89595276469055,True,True,True,0.0,26.52595550484883,True,True,True,green
4,7,0.02,2.0,0.0098292483016848,8,2200.0006742136193,459.70771909165796,3940.2936293355806,735.9701880540722,164.22326387176156,121.90605995901535,206.54046778450777,17.89595276469055,True,True,True,0.0,26.52595550484883,True,True,True,green
4,7,0.05,5.0,0.0098292483016848,8,1910.0005867961609,812.6770088910564,3007.3241647012655,464.0583285762884,164.22326387176156,121.90605995901535,206.54046778450777,17.89595276469055,True,True,True,0.0,26.52595550484883,True,True,True,green
4,7,0.1,10.0,0.0098292483016848,8,2089.999812272608,1270.212051889613,2909.787572655603,346.68838392856503,164.22326387176156,121.90605995901535,206.54046778450777,17.89595276469055,True,True,True,0.0,26.52595550484883,True,True,True,green
5,1,0.0025,0.25,0.0129776550456881,8,5324.948781779786,-3815.6255961694324,14465.523159729004,3865.550466122569,18235.60491194819,17586.50143565289,18884.70838824349,274.5059710260818,False,True,True,0.0,91.2930774135096,False,False,False,gray
5,1,0.005,0.5,0.0129776550456881,8,6949.954551835233,-173.5082670257807,14073.417370696247,3012.513643156087,18235.60491194819,17586.50143565289,18884.70838824349,274.5059710260818,False,True,True,0.0,91.2930774135096,False,False,False,gray
5,1,0.01,1.0,0.0129776550456881,8,5162.493889378563,1005.4033163978229,9319.584462359304,1758.0343135618991,18235.60491194819,17586.50143565289,18884.70838824349,274.5059710260818,True,True,True,0.0,91.2930774135096,True,True,True,green
5,1,0.02,2.0,0.0129776550456881,8,6309.388573658145,2675.42023759064,9943.35690972565,1536.8058301946724,18235.60491194819,17586.50143565289,18884.70838824349,274.5059710260818,True,True,True,0.0,91.2930774135096,True,True,True,green
5,1,0.05,5.0,0.0129776550456881,8,4637.4992960649015,2944.8705392295674,6330.128052900236,715.8129904551213,18235.60491194819,17586.50143565289,18884.70838824349,274.5059710260818,True,True,True,0.0,91.2930774135096,True,True,True,green
5,1,0.1,10.0,0.0129776550456881,8,4719.999215571965,3843.6145923550957,5596.383838788834,370.62320689071265,18235.60491194819,17586.50143565289,18884.70838824349,274.5059710260818,True,True,True,0.0,91.2930774135096,True,True,True,green
5,2,0.0025,0.25,0.0048190923407673,8,7324.952534700158,2354.500613288753,12295.404456111562,2102.0049667778567,5682.711789181718,5309.719595794693,6055.7039825687425,157.73846230993422,True,True,True,0.0,60.79074527700412,False,False,False,gray
5,2,0.005,0.5,0.0048190923407673,8,5737.480461897035,-1837.5916799534725,13312.552603747543,3203.4993030068194,5682.711789181718,5309.719595794693,6055.7039825687425,157.73846230993422,False,True,True,0.0,60.79074527700412,False,False,False,gray
5,2,0.01,1.0,0.0048190923407673,8,7081.246600798403,4734.112741933726,9428.38045966308,992.6033099270103,5682.711789181718,5309.719595794693,6055.7039825687425,157.73846230993422,True,True,True,0.0,60.79074527700412,True,True,True,green
5,2,0.02,2.0,0.0048190923407673,8,5853.131838378578,3221.880921233357,8484.382755523799,1112.7564624158954,5682.711789181718,5309.719595794693,6055.7039825687425,157.73846230993422,True,True,True,0.0,60.79074527700412,True,True,True,green
5,2,0.05,5.0,0.0048190923407673,8,5692.502336484404,4139.586206556198,7245.41846641261,656.7284966658777,5682.711789181718,5309.719595794693,6055.7039825687425,157.73846230993422,True,True,True,0.0,60.79074527700412,True,True,True,green
5,2,0.1,10.0,0.0048190923407673,8,6126.874454842418,5667.003616211809,6586.745293473028,194.4794562268598,5682.711789181718,5309.719595794693,6055.7039825687425,157.73846230993422,True,True,True,0.0,60.79074527700412,True,True,True,green
5,7,0.0025,0.25,0.0127071822062134,8,63299.29285462255,37446.5796598641,89152.006049381,10933.116827057978,191236.98322566715,186292.00688727555,196181.95956405875,2091.2313383662195,True,True,True,0.0,170.94644475017617,True,True,True,green
5,7,0.005,0.5,0.0127071822062134,8,64237.451967050976,42756.21820916299,85718.68572493896,9084.417426328293,191236.98322566715,186292.00688727555,196181.95956405875,2091.2313383662195,True,True,True,0.0,170.94644475017617,True,True,True,green
5,7,0.01,1.0,0.0127071822062134,8,61312.54802919472,48938.10230970445,73686.99374868498,5233.155208974524,191236.98322566715,186292.00688727555,196181.95956405875,2091.2313383662195,True,True,True,0.0,170.94644475017617,True,True,True,green
5,7,0.02,2.0,0.0127071822062134,8,58453.09370343511,52108.60239196207,64797.585014908145,2683.086459592664,191236.98322566715,186292.00688727555,196181.95956405875,2091.2313383662195,True,True,True,0.0,170.94644475017617,True,True,True,green
5,7,0.05,5.0,0.0127071822062134,8,60016.24543245768,56253.52809087903,63778.962774036336,1591.2538066223958,191236.98322566715,186292.00688727555,196181.95956405875,2091.2313383662195,True,True,True,0.0,170.94644475017617,True,True,True,green
5,7,0.1,10.0,0.0127071822062134,8,59165.62597953466,56845.239758266165,61486.01220080316,981.2917294176923,191236.98322566715,186292.00688727555,196181.95956405875,2091.2313383662195,True,True,True,0.0,170.94644475017617,True,True,True,green
6,1,0.0025,0.25,0.0181871354579925,8,15174.928754538761,-9623.803186457235,39973.66069553476,10487.38797476675,392516.83988140523,380684.57122896565,404349.1085338448,5003.8684346865975,False,True,True,0.0,85.06006509848662,False,False,False,gray
6,1,0.005,0.5,0.0181871354579925,8,14062.47786638198,3922.3455393716467,24202.610193392313,4288.263693557255,392516.83988140523,380684.57122896565,404349.1085338448,5003.8684346865975,True,True,True,0.0,85.06006509848662,False,False,False,gray
6,1,0.01,1.0,0.0181871354579925,8,2475.0016541031832,-4723.3881155851595,9673.391423791527,3044.2002634624037,392516.83988140523,380684.57122896565,404349.1085338448,5003.8684346865975,False,True,True,0.0,85.06006509848662,False,False,False,gray
6,1,0.02,2.0,0.0181871354579925,8,2584.3736927598156,-1391.293034529831,6560.040420049462,1681.3101382224604,392516.83988140523,380684.57122896565,404349.1085338448,5003.8684346865975,False,True,True,0.0,85.06006509848662,False,False,False,gray
6,1,0.05,5.0,0.0181871354579925,8,2638.750724940527,1067.314080148206,4210.187369732848,664.5608255661841,392516.83988140523,380684.57122896565,404349.1085338448,5003.8684346865975,True,True,True,0.0,85.06006509848662,False,False,False,gray
6,1,0.1,10.0,0.0181871354579925,8,3045.000248941988,2100.8277802055,3989.172717678476,399.2906983426666,392516.83988140523,380684.57122896565,404349.1085338448,5003.8684346865975,True,True,True,0.0,85.06006509848662,False,False,False,gray
6,2,0.0025,0.25,0.0160542204976081,8,3349.9428826515173,-11420.597340385786,18120.48310568882,6246.463983902742,1102829.248977296,1058674.4636922246,1146984.0342623675,18673.06624100188,False,True,True,0.0,101.20465756182679,False,False,False,gray
6,2,0.005,0.5,0.0160542204976081,8,9349.977950479326,1844.0095111002265,16855.946389858425,3174.275335425137,1102829.248977296,1058674.4636922246,1146984.0342623675,18673.06624100188,True,True,True,0.0,101.20465756182679,False,False,False,gray
6,2,0.01,1.0,0.0160542204976081,8,4981.242888540048,-362.3246501694439,10324.81042724954,2259.795625080866,1102829.248977296,1058674.4636922246,1146984.0342623675,18673.06624100188,False,True,True,0.0,101.20465756182679,False,False,False,gray
6,2,0.02,2.0,0.0160542204976081,8,4956.260783016086,1884.1768213760479,8028.344744656124,1299.184832250078,1102829.248977296,1058674.4636922246,1146984.0342623675,18673.06624100188,True,True,True,0.0,101.20465756182679,True,True,True,green
6,2,0.05,5.0,0.0160542204976081,8,4966.250529246145,3535.150711259017,6397.350347233272,605.2123575334031,1102829.248977296,1058674.4636922246,1146984.0342623675,18673.06624100188,True,True,True,0.0,101.20465756182679,True,True,True,green
6,2,0.1,10.0,0.0160542204976081,8,4786.249365214177,4070.6758624971517,5501.8228679312015,302.61615655638417,1102829.248977296,1058674.4636922246,1146984.0342623675,18673.06624100188,True,True,True,0.0,101.20465756182679,True,True,True,green
6,7,0.0025,0.25,0.0183411631733179,8,15274.762638110555,-4745.975409199844,35295.50068542095,8466.773540796028,158606.742321037,151815.49148230924,165397.99315976474,2872.0211399985633,False,True,True,0.0,111.06590382873057,False,False,False,gray
6,7,0.005,0.5,0.0183411631733179,8,15000.118735200502,2722.3409790652186,27277.896491335785,5192.274310755762,158606.742321037,151815.49148230924,165397.99315976474,2872.0211399985633,True,True,True,0.0,111.06590382873057,True,True,True,green
6,7,0.01,1.0,0.0183411631733179,8,17756.251386453434,10984.059801120213,24528.442971786655,2863.960978481697,158606.742321037,151815.49148230924,165397.99315976474,2872.0211399985633,True,True,True,0.0,111.06590382873057,True,True,True,green
6,7,0.02,2.0,0.0183411631733179,8,17109.40721351662,14284.815314639436,19933.999112393805,1194.5203966230874,158606.742321037,151815.49148230924,165397.99315976474,2872.0211399985633,True,True,True,0.0,111.06590382873057,True,True,True,green
6,7,0.05,5.0,0.0183411631733179,8,17437.500445017846,15576.34566148438,19298.65522855131,787.0826759388144,158606.742321037,151815.49148230924,165397.99315976474,2872.0211399985633,True,True,True,0.0,111.06590382873057,True,True,True,green
6,7,0.1,10.0,0.0183411631733179,8,16856.253225046807,15472.673966509985,18239.83248358363,585.115904822873,158606.742321037,151815.49148230924,165397.99315976474,2872.0211399985633,True,True,True,0.0,111.06590382873057,True,True,True,green
7,1,0.0025,0.25,0.0056448862887918,8,4949.964778996387,-2651.928939272125,12551.8584972649,3214.842152256521,42767.611301737925,41439.00544006845,44096.2171634074,561.8676458953427,False,True,True,0.0,94.7912821717392,False,False,False,gray
7,1,0.005,0.5,0.0056448862887918,8,4937.52096875751,-4601.319638234447,14476.361575749466,4033.977322429431,42767.611301737925,41439.00544006845,44096.2171634074,561.8676458953427,False,True,True,0.0,94.7912821717392,False,False,False,gray
7,1,0.01,1.0,0.0056448862887918,8,6412.501544323794,-276.4045156499524,13101.407604297541,2828.7395155776544,42767.611301737925,41439.00544006845,44096.2171634074,561.8676458953427,False,True,True,0.0,94.7912821717392,False,False,False,gray
7,1,0.02,2.0,0.0056448862887918,8,6943.740906902762,3844.2047476370212,10043.277066168503,1310.7943713162579,42767.611301737925,41439.00544006845,44096.2171634074,561.8676458953427,True,True,True,0.0,94.7912821717392,True,True,True,green
7,1,0.05,5.0,0.0056448862887918,8,6813.757066818887,5277.0294784382895,8350.484655199485,649.8823596795453,42767.611301737925,41439.00544006845,44096.2171634074,561.8676458953427,True,True,True,0.0,94.7912821717392,True,True,True,green
7,1,0.1,10.0,0.0056448862887918,8,6046.875203705928,5461.000039157317,6632.750368254538,247.76670718570685,42767.611301737925,41439.00544006845,44096.2171634074,561.8676458953427,True,True,True,0.0,94.7912821717392,True,True,True,green
7,2,0.0025,0.25,0.0184797272086143,8,-25.000096588435213,-2335.708801511959,2285.7086083350887,977.1991061019763,7.122676299454525,4.208529997541108,10.036822601367943,1.2323929689676831,False,True,False,0.0,23.916982651588867,False,False,False,gray
7,2,0.005,0.5,0.0184797272086143,8,1049.996700381402,-268.0821311154257,2368.0755318782294,557.4157630367635,7.122676299454525,4.208529997541108,10.036822601367943,1.2323929689676831,False,True,True,0.0,23.916982651588867,False,False,False,gray
7,2,0.01,1.0,0.0184797272086143,8,356.2497590139217,-533.697598456144,1246.1971164839874,376.35888952361336,7.122676299454525,4.208529997541108,10.036822601367943,1.2323929689676831,False,True,True,0.0,23.916982651588867,False,False,False,gray
7,2,0.02,2.0,0.0184797272086143,8,1218.751795911081,520.3792500256707,1917.1243417964913,295.34186897347195,7.122676299454525,4.208529997541108,10.036822601367943,1.2323929689676831,True,True,True,0.125,23.916982651588867,True,True,True,green
7,2,0.05,5.0,0.0184797272086143,8,1351.250305872701,964.8302865638866,1737.6703251815152,163.41709218643345,7.122676299454525,4.208529997541108,10.036822601367943,1.2323929689676831,True,True,True,0.0,23.916982651588867,True,True,True,green
7,2,0.1,10.0,0.0184797272086143,8,1054.3746429889552,521.109187428033,1587.6400985498774,225.5180522663254,7.122676299454525,4.208529997541108,10.036822601367943,1.2323929689676831,True,True,True,0.0,23.916982651588867,True,True,True,green
7,7,0.0025,0.25,0.0064959600567817,8,10099.842483268498,4205.965730670005,15993.71923586699,2492.521485656101,47260.84949023882,44526.62071110621,49995.07826937143,1156.305817844363,True,True,True,0.0,75.79024193819,True,True,True,green
7,7,0.005,0.5,0.0064959600567817,8,11475.021181792757,3302.775589880289,19647.266773705225,3456.04405706646,47260.84949023882,44526.62071110621,49995.07826937143,1156.305817844363,True,True,True,0.0,75.79024193819,True,True,True,green
7,7,0.01,1.0,0.0064959600567817,8,10325.000737518229,6279.266261560033,14370.735213476424,1710.9418011056237,47260.84949023882,44526.62071110621,49995.07826937143,1156.305817844363,True,True,True,0.0,75.79024193819,True,True,True,green
7,7,0.02,2.0,0.0064959600567817,8,7562.498877530916,4003.4088527017275,11121.588902360105,1505.1397795788591,47260.84949023882,44526.62071110621,49995.07826937143,1156.305817844363,True,True,True,0.0,75.79024193819,True,True,True,green
7,7,0.05,5.0,0.0064959600567817,8,7586.250609970278,5625.205644876448,9547.295575064109,829.3262507871566,47260.84949023882,44526.62071110621,49995.07826937143,1156.305817844363,True,True,True,0.0,75.79024193819,True,True,True,green
7,7,0.1,10.0,0.0064959600567817,8,7477.497354124537,6470.64148947256,8484.353218776514,425.79951718492714,47260.84949023882,44526.62071110621,49995.07826937143,1156.305817844363,True,True,True,0.0,75.79024193819,True,True,True,green
