init_id,cell,log_offset,epsilon,center_gain,gain_mean,loss_mean,loss_ci_low,loss_ci_high,loss_sem,delta_loss_mean,delta_loss_ci_low,delta_loss_ci_high,delta_loss_sem,analytic_log_mean,analytic_log_ci_low,analytic_log_ci_high,firing_rate_mean_hz
0,1,-0.1,0.1,0.0103693585842847,0.0093825841322541,5613.875,5494.104607879579,5733.645392120421,50.650919290769046,178.625,76.51799181060574,280.73200818939426,43.18107120850855,-67.24512923842317,-162.0659624639407,27.57570398709437,34.85201838864467
0,1,-0.05,0.05,0.0103693585842847,0.0098636392503976,5500.125,5425.470040271413,5574.779959728587,31.571595224188467,64.875,12.569140651849196,117.1808593481508,22.120156854907567,-67.24512923842317,-162.0659624639407,27.57570398709437,36.1229488943324
0,1,-0.02,0.02,0.0103693585842847,0.0101640317589044,5480.375,5385.17245386098,5575.57754613902,40.261173027762474,45.125,4.722144286611375,85.52785571338862,17.0863745841115,-67.24512923842317,-162.0659624639407,27.57570398709437,36.83181772423744
0,1,-0.01,0.01,0.0103693585842847,0.010266182012856,5458.625,5369.763815828226,5547.486184171774,37.57940996837801,23.375,-8.78406834781348,55.53406834781348,13.600075498740019,-67.24512923842317,-162.0659624639407,27.57570398709437,36.974430388242
0,1,-0.005,0.005,0.0103693585842847,0.0103176413103938,5447.25,5379.0983603305995,5515.4016396694005,28.821340060051735,12.0,-12.83257578591478,36.832575785914784,10.501700542565203,-67.24512923842317,-162.0659624639407,27.57570398709437,37.079292641186534
0,1,-0.0025,0.0025,0.0103693585842847,0.0103434678167104,5451.125,5376.2483527055865,5526.0016472944135,31.66534693365243,15.875,-14.58920875567265,46.33920875567265,12.88331908765306,-67.24512923842317,-162.0659624639407,27.57570398709437,37.13382101271769
0,1,0.0,0.0,0.0103693585842847,0.0103693585842847,5435.25,5372.6819382553895,5497.8180617446105,26.460044001691085,0.0,0.0,0.0,0.0,-67.24512923842317,-162.0659624639407,27.57570398709437,37.179960404013286
0,1,0.0025,0.0025,0.0103693585842847,0.0103953145444393,5431.0,5377.666620210768,5484.333379789232,22.554695424994893,-4.25,-22.328995577430987,13.828995577430987,7.645610318532925,-67.24512923842317,-162.0659624639407,27.57570398709437,37.23029428542666
0,1,0.005,0.005,0.0103693585842847,0.0104213347658514,5428.375,5364.285179829324,5492.464820170676,27.103595900069894,-6.875,-37.12211843706125,23.372118437061253,12.791511554821927,-67.24512923842317,-162.0659624639407,27.57570398709437,37.301600617428946
0,1,0.01,0.01,0.0103693585842847,0.0104735726490616,5422.5,5349.8795221956525,5495.1204778043475,30.711212470831747,-12.75,-56.18574952747148,30.68574952747148,18.36898589626392,-67.24512923842317,-162.0659624639407,27.57570398709437,37.41485185060904
0,1,0.02,0.02,0.0103693585842847,0.0105788335204124,5437.25,5359.4252849884615,5515.0747150115385,32.91208527490862,2.0,-32.03568976873052,36.03568976873052,14.393699018270857,-67.24512923842317,-162.0659624639407,27.57570398709437,37.60779839602697
0,1,0.05,0.05,0.0103693585842847,0.0109010068699717,5372.75,5294.034861216056,5451.465138783944,33.28864564038958,-62.5,-138.10725262571538,13.107252625715361,31.97432005308546,-67.24512923842317,-162.0659624639407,27.57570398709437,38.24536089392973
0,1,0.1,0.1,0.0103693585842847,0.0114599140360951,5264.875,5189.419190807611,5340.330809192389,31.910274599257207,-170.375,-235.01551841129083,-105.73448158870917,27.33648628011393,-67.24512923842317,-162.0659624639407,27.57570398709437,39.512096909499675
0,2,-0.1,0.1,0.0017865144181996,0.0016165050910785,8780.0,8626.472320356163,8933.527679643837,64.92688195193112,-1239.125,-1333.5318617561902,-1144.7181382438098,39.9246779663191,10350.350156595843,9564.49093860573,11136.209374585957,68.349216469246
0,2,-0.05,0.05,0.0017865144181996,0.0016993851168081,9438.5,9324.992757867134,9552.007242132866,48.002232090958906,-580.625,-703.2137518986792,-458.0362481013208,51.84280412251747,10350.350156595843,9564.49093860573,11136.209374585957,70.36676621589879
0,2,-0.02,0.02,0.0017865144181996,0.0017511390615254,9786.25,9622.259703655767,9950.240296344233,69.35152434208948,-232.875,-291.6406829978162,-174.1093170021838,24.852017380026574,10350.350156595843,9564.49093860573,11136.209374585957,71.3944162947552
0,2,-0.01,0.01,0.0017865144181996,0.0017687382642179,9861.125,9678.33937191632,10043.91062808368,77.30007334592713,-158.0,-195.3131413171548,-120.68685868284521,15.7797338380595,10350.350156595843,9564.49093860573,11136.209374585957,71.70480856347102
0,2,-0.005,0.005,0.0017865144181996,0.0017776041058823,9937.75,9747.820077178252,10127.679922821748,80.32139681127492,-81.375,-124.35827168545737,-38.39172831454264,18.177632939569282,10350.350156595843,9564.49093860573,11136.209374585957,71.90614408912452
0,2,-0.0025,0.0025,0.0017865144181996,0.0017820536158978,9988.125,9809.611284749764,10166.638715250236,75.49348067879768,-31.0,-59.40714244113302,-2.592857558866978,12.01338539177981,10350.350156595843,9564.49093860573,11136.209374585957,72.0445622630113
0,2,0.0,0.0,0.0017865144181996,0.0017865144181996,10019.125,9840.848596523798,10197.401403476202,75.39312148901345,0.0,0.0,0.0,0.0,10350.350156595843,9564.49093860573,11136.209374585957,72.1368410456025
0,2,0.0025,0.0025,0.0017865144181996,0.0017909863963723,10064.25,9880.98412904559,10247.51587095441,77.5031681380095,45.125,-2.6264389550099807,92.87643895500997,20.19409169251527,10350.350156595843,9564.49093860573,11136.209374585957,72.27525921948927
0,2,0.005,0.005,0.0017865144181996,0.0017954693175852,10102.25,9921.236645563064,10283.263354436936,76.55057851792219,83.125,14.891822726928524,151.35817727307148,28.855822326574874,10350.350156595843,9564.49093860573,11136.209374585957,72.36753800208047
0,2,0.01,0.01,0.0017865144181996,0.001804469153285,10176.375,9996.362154744054,10356.387845255946,76.12746301434193,157.25,77.02216610565881,237.4778338943412,33.9283646610241,10350.350156595843,9564.49093860573,11136.209374585957,72.55629005738061
0,2,0.02,0.02,0.0017865144181996,0.0018226043321192,10313.75,10145.789286047515,10481.710713952485,71.03061462697416,294.625,213.66968217332067,375.58031782667933,34.23601774030218,10350.350156595843,9564.49093860573,11136.209374585957,73.00090600986545
0,2,0.05,0.05,0.0017865144181996,0.0018781109247356,10654.625,10480.393095109905,10828.856904890095,73.68270234593733,635.5,581.9070252324764,689.0929747675236,22.664478185666916,10350.350156595843,9564.49093860573,11136.209374585957,74.15439079225528
0,2,0.1,0.1,0.0017865144181996,0.0019744038581848,11280.5,11092.764831843437,11468.235168156563,79.39323468838963,1261.375,1179.562103790826,1343.187896209174,34.59868778477836,10350.350156595843,9564.49093860573,11136.209374585957,76.16355155867252
0,7,-0.1,0.1,0.0159809570759534,0.0144601678475737,42083.875,41947.28600993979,42220.46399006021,57.763507233002585,-1613.375,-1778.7200102014003,-1448.0299897985997,69.92443306374184,3600521.7427777834,3506935.7141360645,3694107.7714195023,133.0827824569645
0,7,-0.05,0.05,0.0159809570759534,0.0152015574276447,42938.875,42685.217601216194,43192.532398783806,107.27175728361256,-758.375,-962.7870305352985,-553.9629694647015,86.44588263763636,3600521.7427777834,3506935.7141360645,3694107.7714195023,134.38726888359452
0,7,-0.02,0.02,0.0159809570759534,0.0156645122915506,43399.375,43110.26646376652,43688.48353623348,122.26404936798528,-297.875,-512.2904147255746,-83.45958527442545,90.67631552080493,3600521.7427777834,3506935.7141360645,3694107.7714195023,134.96191402973054
0,7,-0.01,0.01,0.0159809570759534,0.0158219430595636,43581.5,43303.72385989424,43859.27614010576,117.47157710940732,-115.75,-279.3660286508459,47.86602865084589,69.19324647061197,3600521.7427777834,3506935.7141360645,3694107.7714195023,135.20099996644404
0,7,-0.005,0.005,0.0159809570759534,0.0159012507647275,43703.625,43481.09893480875,43926.15106519125,94.1063109884621,6.375,-109.6224455922202,122.3724455922202,49.05533955937634,3600521.7427777834,3506935.7141360645,3694107.7714195023,135.35619610080195
0,7,-0.0025,0.0025,0.0159809570759534,0.0159410536289215,43664.5,43446.69494556564,43882.30505443436,92.10979473277683,-32.75,-108.77703001273893,43.27703001273893,32.151843981777645,3600521.7427777834,3506935.7141360645,3694107.7714195023,135.3520016106842
0,7,0.0,0.0,0.0159809570759534,0.0159809570759534,43697.25,43533.43514945211,43861.06485054789,69.2773282848416,0.0,0.0,0.0,0.0,3600521.7427777834,3506935.7141360645,3694107.7714195023,135.45266937351096
0,7,0.0025,0.0025,0.0159809570759534,0.0160209592431783,43726.875,43549.78090447645,43903.96909552355,74.8931232538361,29.625,-46.18790471293329,105.43790471293329,32.061290355906046,3600521.7427777834,3506935.7141360645,3694107.7714195023,135.49880876480654
0,7,0.005,0.005,0.0159809570759534,0.0160610619932413,43804.0,43651.91048465853,43956.08951534147,64.31868202274403,106.75,15.79124206504288,197.70875793495713,38.46647427120327,3600521.7427777834,3506935.7141360645,3694107.7714195023,135.54494815610212
0,7,0.01,0.01,0.0159809570759534,0.0161415692418813,43946.0,43750.367021251,44141.632978749,82.73322013729258,248.75,97.32648844300334,400.1735115569967,64.03702890850396,3600521.7427777834,3506935.7141360645,3694107.7714195023,135.71692225093116
0,7,0.02,0.02,0.0159809570759534,0.0163037944585084,44114.375,43874.14486250902,44354.60513749098,101.59336618879911,417.125,237.3549855802817,596.8950144197183,76.02476981221318,3600521.7427777834,3506935.7141360645,3694107.7714195023,135.9727861481158
0,7,0.05,0.05,0.0159809570759534,0.0168003179132938,44648.75,44391.25061218424,44906.24938781576,108.89653510164067,951.5,729.6025248624584,1173.3974751375417,93.84048014735278,3600521.7427777834,3506935.7141360645,3694107.7714195023,136.5809872151941
0,7,0.1,0.1,0.0159809570759534,0.0176616888493299,45257.25,45022.0128589822,45492.4871410178,99.48182712722674,1560.0,1389.2761876834845,1730.7238123165155,72.19912939720454,3600521.7427777834,3506935.7141360645,3694107.7714195023,137.51216402134156
1,1,-0.1,0.1,0.0065463040955364,0.0059233410283923,40231.5,39861.191397210256,40601.808602789744,156.60357138784724,-2759.125,-3119.0909721311136,-2399.1590278688864,152.22967111524986,340265.44394642673,328430.6940417601,352100.19385109335,156.06019932217038
1,1,-0.05,0.05,0.0065463040955364,0.0062270374037325,41366.375,41064.92086695167,41667.82913304833,127.48500437026198,-1624.25,-1848.9256370593996,-1399.5743629406004,95.01536529876176,340265.44394642673,328430.6940417601,352100.19385109335,158.1784168316499
1,1,-0.02,0.02,0.0065463040955364,0.0064166784286499,42308.375,42037.321472578566,42579.428527421434,114.62858305663308,-682.25,-900.0443957922041,-464.45560420779594,92.10528719118912,340265.44394642673,328430.6940417601,352100.19385109335,159.6842387839334
1,1,-0.01,0.01,0.0065463040955364,0.0064811673946678,42729.125,42477.18412722738,42981.06587277262,106.5458381402108,-261.5,-387.8462857414854,-135.15371425851458,53.4318658266234,340265.44394642673,328430.6940417601,352100.19385109335,160.17499412771383
1,1,-0.005,0.005,0.0065463040955364,0.0065136542543768,42885.75,42555.436104047694,43216.063895952306,139.6898030331082,-104.875,-174.08021761767208,-35.66978238232791,29.26689835438177,340265.44394642673,328430.6940417601,352100.19385109335,160.3805241434851
1,1,-0.0025,0.0025,0.0065463040955364,0.0065299584530293,42897.875,42608.006800631854,43187.743199368146,122.58531103742754,-92.75,-200.36336977579074,14.863369775790744,45.50971246416998,340265.44394642673,328430.6940417601,352100.19385109335,160.4937753766652
1,1,0.0,0.0,0.0065463040955364,0.0065463040955364,42990.625,42688.72835217691,43292.52164782309,127.67214394411066,0.0,0.0,0.0,0.0,340265.44394642673,328430.6940417601,352100.19385109335,160.59444313949194
1,1,0.0025,0.0025,0.0065463040955364,0.0065626907162368,43135.75,42821.81146153851,43449.68853846149,132.76466155247357,145.125,42.01231670900566,248.23768329099434,43.60637138079709,340265.44394642673,328430.6940417601,352100.19385109335,160.7831951947921
1,1,0.005,0.005,0.0065463040955364,0.0065791173838078,43192.0,42894.514131281954,43489.485868718046,125.80682470699728,201.375,99.1087233704787,303.6412766295213,43.24842585904965,340265.44394642673,328430.6940417601,352100.19385109335,160.8377235663233
1,1,0.01,0.01,0.0065463040955364,0.006612095516175,43250.5,43035.19765530241,43465.80234469759,91.05139835750542,259.875,36.07357227843397,483.67642772156603,94.64566202043132,340265.44394642673,328430.6940417601,352100.19385109335,160.93419683903224
1,1,0.02,0.02,0.0065463040955364,0.0066785481758415,43431.625,43158.16273818341,43705.08726181659,115.64723724388254,441.0,203.32375328663818,678.6762467133618,100.51332534260602,340265.44394642673,328430.6940417601,352100.19385109335,161.2613670682192
1,1,0.05,0.05,0.0065463040955364,0.0068819401785731,44411.5,44064.11027664999,44758.88972335001,146.91117335704203,1420.875,974.6685872736986,1867.0814127263016,188.70076817732956,340265.44394642673,328430.6940417601,352100.19385109335,162.67491023791146
1,1,0.1,0.1,0.0065463040955364,0.0072347852401435,45967.875,45488.441874988515,46447.308125011485,202.7523504795937,2977.25,2499.0740645706596,3455.4259354293404,202.22068479051012,340265.44394642673,328430.6940417601,352100.19385109335,164.78893325727321
1,2,-0.1,0.1,0.0059406426735222,0.005375315900892,4083.375,3989.442618851027,4177.307381148973,39.72402003646084,-362.25,-437.8965304092043,-286.6034695907957,31.990930634433607,5203.170920741017,4916.477647084464,5489.86419439757,49.40270460722794
1,2,-0.05,0.05,0.0059406426735222,0.005650914274156,4244.0,4157.825515202471,4330.174484797529,36.443204343980824,-201.625,-250.3318677348085,-152.9181322651915,20.598142686729236,5203.170920741017,4916.477647084464,5489.86419439757,50.30032549243313
1,2,-0.02,0.02,0.0059406426735222,0.0058230101130902,4355.375,4281.524842151441,4429.225157848559,31.231244371622466,-90.25,-167.29201233739548,-13.207987662604523,32.581080180286925,5203.170920741017,4916.477647084464,5489.86419439757,50.99241636186705
1,2,-0.01,0.01,0.0059406426735222,0.0058815320953726,4381.125,4295.485815034745,4466.764184965255,36.21682595345507,-64.5,-106.30104608148557,-22.69895391851444,17.677669529663685,5203.170920741017,4916.477647084464,5489.86419439757,51.12664004563605
1,2,-0.005,0.005,0.0059406426735222,0.0059110135771334,4401.375,4303.4111853670165,4499.3388146329835,41.42891394562842,-44.25,-68.84724805109305,-19.652751948906953,10.402180403302815,5203.170920741017,4916.477647084464,5489.86419439757,51.26086372940505
1,2,-0.0025,0.0025,0.0059406426735222,0.0059258094988763,4417.375,4311.553170006742,4523.196829993258,44.75206998404814,-28.25,-44.07930057939482,-12.42069942060518,6.694213919497941,5203.170920741017,4916.477647084464,5489.86419439757,51.361531492231805
1,2,0.0,0.0,0.0059406426735222,0.0059406426735222,4445.625,4350.4392359473095,4540.8107640526905,40.2540758805863,0.0,0.0,0.0,0.0,5203.170920741017,4916.477647084464,5489.86419439757,51.453810274822985
1,2,0.0025,0.0025,0.0059406426735222,0.0059555131010711,4446.25,4345.8163303470365,4546.6836696529635,42.47341605555846,0.625,-8.510636142365719,9.760636142365719,3.8634620854505983,5203.170920741017,4916.477647084464,5489.86419439757,51.48317170564746
1,2,0.005,0.005,0.0059406426735222,0.0059704203158617,4452.625,4359.644548452874,4545.605451547126,39.32144884520043,7.0,-8.140982857795269,22.14098285779527,6.4031242374328485,5203.170920741017,4916.477647084464,5489.86419439757,51.48736619576524
1,2,0.01,0.01,0.0059406426735222,0.0060003469698131,4460.75,4379.750524408687,4541.749475591313,34.25469206651008,15.125,-29.321214848764292,59.57121484876429,18.796311853278937,5203.170920741017,4916.477647084464,5489.86419439757,51.592228448709776
1,2,0.02,0.02,0.0059406426735222,0.0060606515035033,4498.625,4414.7665975299415,4582.4834024700585,35.4637327319857,53.0,5.669527335147343,100.33047266485266,20.016064976484692,5203.170920741017,4916.477647084464,5489.86419439757,51.81453642495218
1,2,0.05,0.05,0.0059406426735222,0.0062452256679534,4640.5,4564.152867176746,4716.847132823254,32.28721551503452,194.875,111.95232299659294,277.79767700340705,35.06801427226811,5203.170920741017,4916.477647084464,5489.86419439757,52.46468239320828
1,2,0.1,0.1,0.0059406426735222,0.0065654260106384,4831.625,4780.6699583680165,4882.5800416319835,21.54889581195022,386.0,303.86060256635506,468.13939743364494,34.73676520839062,5203.170920741017,4916.477647084464,5489.86419439757,53.450387570886875
1,7,-0.1,0.1,0.0054341284558176,0.0049170027486979,15784.875,15638.918485979702,15930.831514020298,61.725034716185334,-760.75,-862.8167242613731,-658.6832757386269,43.164035128465784,40629.871260476066,38856.48283991838,42403.25968103375,85.38304083755577
1,7,-0.05,0.05,0.0054341284558176,0.0051691029220819,16145.75,15954.40280488342,16337.09719511658,80.92076150690342,-399.875,-509.1582141405157,-290.5917858594843,46.21588993130887,40629.871260476066,38856.48283991838,42403.25968103375,86.31421764370323
1,7,-0.02,0.02,0.0054341284558176,0.005326525773853,16414.75,16276.922952338147,16552.577047661853,58.287082004260846,-130.875,-213.56737388830607,-48.182626111693935,34.97061904554409,40629.871260476066,38856.48283991838,42403.25968103375,86.96016912184155
1,7,-0.01,0.01,0.0054341284558176,0.0053800581954419,16491.625,16383.407278027555,16599.842721972444,45.765293111389866,-54.0,-130.648640790976,22.648640790976017,32.41472328609772,40629.871260476066,38856.48283991838,42403.25968103375,87.19925505855508
1,7,-0.005,0.005,0.0054341284558176,0.0054070255719125,16550.625,16429.402429676666,16671.847570323334,51.265045700889466,5.0,-71.70853984495704,81.70853984495704,32.44005460626018,40629.871260476066,38856.48283991838,42403.25968103375,87.34186772255964
1,7,-0.0025,0.0025,0.0054341284558176,0.0054205600172281,16553.375,16433.007116515935,16673.742883484065,50.90359849053615,7.75,-40.61086056614025,56.11086056614025,20.451816195983323,40629.871260476066,38856.48283991838,42403.25968103375,87.38381262373746
1,7,0.0,0.0,0.0054341284558176,0.0054341284558176,16545.625,16436.583715707562,16654.666284292438,46.11357775722275,0.0,0.0,0.0,0.0,40629.871260476066,38856.48283991838,42403.25968103375,87.40897956444414
1,7,0.0025,0.0025,0.0054341284558176,0.0054477308876812,16569.375,16454.21726354406,16684.53273645594,48.70022642217825,23.75,-7.264170976096601,54.7641709760966,13.11589820463264,40629.871260476066,38856.48283991838,42403.25968103375,87.46770242609307
1,7,0.005,0.005,0.0054341284558176,0.0054613673128187,16566.875,16451.306581574903,16682.443418425097,48.873903897098884,21.25,-24.328203646623557,66.82820364662356,19.275030109296473,40629.871260476066,38856.48283991838,42403.25968103375,87.45931344585752
1,7,0.01,0.01,0.0054341284558176,0.005488742608577,16620.0,16499.257705010932,16740.742294989068,51.06193717997221,74.375,17.16153264442778,131.58846735557222,24.195585119722033,40629.871260476066,38856.48283991838,42403.25968103375,87.60612059997986
1,7,0.02,0.02,0.0054341284558176,0.0055439048446714,16714.375,16626.89196298454,16801.85803701546,36.99659130051231,168.75,95.62018219983733,241.87981780016267,30.926612442083872,40629.871260476066,38856.48283991838,42403.25968103375,87.88715143787121
1,7,0.05,0.05,0.0054341284558176,0.005712741985917,16954.5,16850.467089823767,17058.532910176233,43.995535487787194,408.875,290.7819981515346,526.9680018484654,49.94155065817297,40629.871260476066,38856.48283991838,42403.25968103375,88.56246434683399
1,7,0.1,0.1,0.0054341284558176,0.0060056410729885,17338.375,17209.01120582548,17467.73879417452,54.7079706585012,792.75,694.7772038481628,890.7227961518372,41.43271223148616,40629.871260476066,38856.48283991838,42403.25968103375,89.49364115298144
2,1,-0.1,0.1,0.0166266057640314,0.0150443753227591,81350.25,81115.84285693227,81584.65714306773,99.13082085233201,-2444.0,-2654.4610470392126,-2233.5389529607874,89.00401275062987,3399689.8654364683,3322409.293405243,3476970.4374676934,216.23854904197844
2,1,-0.05,0.05,0.0166266057640314,0.0158157162368297,82548.25,82411.34753990857,82685.15246009143,57.89607376275922,-1246.0,-1393.7640161537468,-1098.2359838462532,62.4894276772365,3399689.8654364683,3322409.293405243,3476970.4374676934,217.417200765075
2,1,-0.02,0.02,0.0166266057640314,0.0162973776459693,83336.125,83142.6472685607,83529.6027314393,81.82176568178978,-458.125,-594.7622278957408,-321.48777210425925,57.78390702188876,3399689.8654364683,3322409.293405243,3476970.4374676934,218.20576490721788
2,1,-0.01,0.01,0.0166266057640314,0.0164611674845218,83537.25,83311.7616802733,83762.7383197267,95.35904893761112,-257.0,-384.40867939400505,-129.59132060599495,53.881152283786314,3399689.8654364683,3322409.293405243,3476970.4374676934,218.4448508439314
2,1,-0.005,0.005,0.0166266057640314,0.0165436808019876,83665.0,83431.48170336439,83898.51829663561,98.7549275443292,-129.25,-260.93381608809375,2.433816088093721,55.6891083221332,3399689.8654364683,3322409.293405243,3476970.4374676934,218.55810207711147
2,1,-0.0025,0.0025,0.0166266057640314,0.0165850911289453,83783.25,83523.93956219066,84042.56043780934,109.66242845334818,-11.0,-101.81731646378246,79.81731646378246,38.40665864887791,3399689.8654364683,3322409.293405243,3476970.4374676934,218.63360289923156
2,1,0.0,0.0,0.0166266057640314,0.0166266057640314,83794.25,83584.06489145449,84004.43510854551,88.8873183144978,0.0,0.0,0.0,0.0,3399689.8654364683,3322409.293405243,3476970.4374676934,218.69232576088052
2,1,0.0025,0.0025,0.0166266057640314,0.0166682247072458,83858.5,83642.2439708747,84074.7560291253,91.45471166492345,64.25,-14.513325648983837,143.01332564898382,33.30902387384793,3399689.8654364683,3322409.293405243,3476970.4374676934,218.7300761719405
2,1,0.005,0.005,0.0166266057640314,0.0167099460959434,83903.625,83668.7509675849,84138.4990324151,99.32826843710849,109.375,-26.106780888370707,244.8567808883707,57.295268285061226,3399689.8654364683,3322409.293405243,3476970.4374676934,218.76782658300053
2,1,0.01,0.01,0.0166266057640314,0.016793705523014,83998.25,83738.29271616845,84258.20728383155,109.93597974665592,204.0,115.69330259379092,292.3066974062091,37.34491742048517,3399689.8654364683,3322409.293405243,3476970.4374676934,218.8726888359451
2,1,0.02,0.02,0.0166266057640314,0.0169624853879213,84126.75,83910.91048692296,84342.58951307704,91.27856695694936,332.5,250.30349000492976,414.69650999507024,34.760918120375194,3399689.8654364683,3322409.293405243,3476970.4374676934,219.05724640112746
2,1,0.05,0.05,0.0166266057640314,0.0174790695309638,84752.125,84599.65359192409,84904.59640807591,64.48018452539176,957.875,796.6548626015588,1119.0951373984412,68.18002365062658,3399689.8654364683,3322409.293405243,3476970.4374676934,219.6654474682057
2,1,0.1,0.1,0.0166266057640314,0.0183752421289682,85589.25,85415.2338108622,85763.2661891378,73.59147611743398,1795.0,1618.5596851908956,1971.4403148091044,74.61663927799788,3399689.8654364683,3322409.293405243,3476970.4374676934,220.600818764471
2,2,-0.1,0.1,0.0100537622347474,0.0090970201417803,229088.625,227853.8856216834,230323.3643783166,522.1714940481035,-13601.75,-14327.408420272874,-12876.091579727126,306.8810699137836,2126017.9864548333,2094905.1995723646,2157130.7733373023,296.32394886077645
2,2,-0.05,0.05,0.0100537622347474,0.0095634348690509,236150.5,235100.27126980736,237200.72873019264,444.1419094324309,-6539.875,-6915.66123971882,-6164.08876028118,158.92006498101938,2126017.9864548333,2094905.1995723646,2157130.7733373023,300.65685715244456
2,2,-0.02,0.02,0.0100537622347474,0.0098546845838427,239971.0,238885.32289323246,241056.67710676754,459.1330339423889,-2719.375,-3052.16261766026,-2386.58738233974,140.73594036604254,2126017.9864548333,2094905.1995723646,2157130.7733373023,302.9764101875776
2,2,-0.01,0.01,0.0100537622347474,0.0099537260830402,241135.625,239882.2333815402,242389.0166184598,530.0595295914546,-1554.75,-1749.7228359687913,-1359.7771640312087,82.45404564275267,2126017.9864548333,2094905.1995723646,2157130.7733373023,303.72302942854265
2,2,-0.005,0.005,0.0100537622347474,0.0100036188960075,241849.25,240755.31015504728,242943.18984495272,462.627347332602,-841.125,-1151.762565059687,-530.487434940313,131.36867933687347,2126017.9864548333,2094905.1995723646,2157130.7733373023,304.12989496996744
2,2,-0.0025,0.0025,0.0100537622347474,0.0100286593660712,242176.25,240956.26348993235,243396.23651006765,515.932503545072,-514.125,-713.4576738917772,-314.7923261082229,84.29782184527156,2126017.9864548333,2094905.1995723646,2157130.7733373023,304.31864702526764
2,2,0.0,0.0,0.0100537622347474,0.0100537622347474,242690.375,241480.8680494276,243899.8819505724,511.50069604407327,0.0,0.0,0.0,0.0,2126017.9864548333,2094905.1995723646,2157130.7733373023,304.6332337841012
2,2,0.0025,0.0025,0.0100537622347474,0.0100789284333586,242942.875,241836.46722627056,244049.28277372944,467.90003654245265,252.5,17.511189379806467,487.48881062019353,99.37680815965061,2126017.9864548333,2094905.1995723646,2157130.7733373023,304.76745746787014
2,2,0.005,0.005,0.0100537622347474,0.0101041570305824,243036.625,241889.57104863596,244183.67895136404,485.0893120086238,346.25,165.31167895241114,527.1883210475888,76.51884688474748,2126017.9864548333,2094905.1995723646,2157130.7733373023,304.8555417603436
2,2,0.01,0.01,0.0100537622347474,0.0101548042148351,243825.125,242709.70761423564,244940.54238576436,471.7102030113404,1134.75,701.3330736046753,1568.1669263953247,183.29209222284678,2126017.9864548333,2094905.1995723646,2157130.7733373023,305.35049159424176
2,2,0.02,0.02,0.0100537622347474,0.0102568613365292,245163.25,244249.76029901445,246076.73970098555,386.3149506185705,2472.875,2035.3614430738226,2910.3885569261774,185.02455797426302,2126017.9864548333,2094905.1995723646,2157130.7733373023,306.11808328579576
2,2,0.05,0.05,0.0100537622347474,0.010569229722023,249119.625,248134.4015989035,250104.8484010965,416.65114465135656,6429.25,5706.9695669928005,7151.5304330071995,305.45251852199317,2126017.9864548333,2094905.1995723646,2157130.7733373023,308.4292473406932
2,2,0.1,0.1,0.0100537622347474,0.011111126281321,255574.125,254585.4137581418,256562.8362418582,418.12615310539263,12883.75,12345.197000453703,13422.302999546297,227.75415552112952,2126017.9864548333,2094905.1995723646,2157130.7733373023,312.22526089728535
2,7,-0.1,0.1,0.0021897365804761,0.001981355715543,12615.5,12507.16971537524,12723.83028462476,45.812895876286056,-994.0,-1103.4918425370104,-884.5081574629896,46.304118915831104,7165.237357443904,6893.467041881221,7437.0076730065875,76.59977853092178
2,7,-0.05,0.05,0.0021897365804761,0.002082941820845,13166.0,13016.567586924562,13315.432413075438,63.194993020469134,-443.5,-575.218879790278,-311.78112020972196,55.703936767777655,7165.237357443904,6893.467041881221,7437.0076730065875,78.23562967685648
2,7,-0.02,0.02,0.0021897365804761,0.0021463769953697,13406.75,13273.820983402371,13539.679016597629,56.21570383036094,-202.75,-256.5024953232572,-148.9975046767428,22.73193945594109,7165.237357443904,6893.467041881221,7437.0076730065875,78.88997013523036
2,7,-0.01,0.01,0.0021897365804761,0.002167948288843,13493.625,13343.483371478846,13643.766628521154,63.49492035363368,-115.875,-164.0137900925173,-67.73620990748272,20.357902554746925,7165.237357443904,6893.467041881221,7437.0076730065875,79.16261199288616
2,7,-0.005,0.005,0.0021897365804761,0.0021788151934742,13544.75,13396.81529389129,13692.68470610871,62.56161248835309,-64.75,-114.90478567105492,-14.595214328945076,21.210467429347908,7165.237357443904,6893.467041881221,7437.0076730065875,79.29264118653737
2,7,-0.0025,0.0025,0.0021897365804761,0.0021842690184712,13572.0,13441.904215070153,13702.095784929847,55.01752967399183,-37.5,-60.33423990691027,-14.66576009308973,9.656603957913982,7165.237357443904,6893.467041881221,7437.0076730065875,79.35975302842185
2,7,0.0,0.0,0.0021897365804761,0.0021897365804761,13609.5,13486.254846819815,13732.745153180185,52.12039633661389,0.0,0.0,0.0,0.0,7165.237357443904,6893.467041881221,7437.0076730065875,79.43525385054193
2,7,0.0025,0.0025,0.0021897365804761,0.002195217879489,13634.625,13502.34263812189,13766.90736187811,55.94223343899363,25.125,-17.156829693550286,67.40682969355029,17.880993001348827,7165.237357443904,6893.467041881221,7437.0076730065875,79.51494916277977
2,7,0.005,0.005,0.0021897365804761,0.0022007126826792,13645.5,13507.572835014462,13783.427164985538,58.32942163755293,36.0,-29.14069262280063,101.14069262280063,27.548010039617324,7165.237357443904,6893.467041881221,7437.0076730065875,79.56947753431092
2,7,0.01,0.01,0.0021897365804761,0.0022117437329143,13712.125,13551.89697348564,13872.35302651436,67.76045978824439,102.625,-7.070864480156544,212.32086448015656,46.39039983044521,7165.237357443904,6893.467041881221,7437.0076730065875,79.71628468843326
2,7,0.02,0.02,0.0021897365804761,0.0022339720744639,13748.5,13589.815766350779,13907.184233649221,67.10758952181617,139.0,44.90187535588042,233.0981246441196,39.79411298887599,7165.237357443904,6893.467041881221,7437.0076730065875,79.89664776349787
2,7,0.05,0.05,0.0021897365804761,0.0023020068183541,14009.375,13860.280439935757,14158.469560064243,63.0521149243114,399.875,273.76171207982156,525.9882879201784,53.33333100818447,7165.237357443904,6893.467041881221,7437.0076730065875,80.62229455387403
2,7,0.1,0.1,0.0021897365804761,0.0024200333282351,14418.375,14296.945042467038,14539.804957532962,51.352749787273176,808.875,702.4533622141612,915.2966377858388,45.00572880200919,7165.237357443904,6893.467041881221,7437.0076730065875,81.81352974732391
3,1,-0.1,0.1,0.0030624063219875,0.0027709798887372,4283.75,4126.113890223566,4441.386109776434,66.66433775694038,-142.25,-243.65917533512484,-40.84082466487516,42.88595757521169,7591.533107551622,6371.928569777347,8811.137645325898,58.26566222609979
3,1,-0.05,0.05,0.0030624063219875,0.002913051052019,4449.625,4314.04523628145,4585.20476371855,57.336705240684545,23.625,-45.67609547587253,92.92609547587253,29.307445116995684,7591.533107551622,6371.928569777347,8811.137645325898,59.71276131673434
3,1,-0.02,0.02,0.0030624063219875,0.003001766745001,4443.5,4271.087315655865,4615.912684344135,72.9133536662328,17.5,-25.395054868642518,60.39505486864252,18.14032603266624,7591.533107551622,6371.928569777347,8811.137645325898,60.618771182175095
3,1,-0.01,0.01,0.0030624063219875,0.0030319348443299,4421.5,4253.517143571089,4589.482856428911,71.03997868403798,-4.5,-52.463333929629016,43.463333929629016,20.283702113484395,7591.533107551622,6371.928569777347,8811.137645325898,60.80332874735747
3,1,-0.005,0.005,0.0030624063219875,0.0030471323989331,4418.5,4277.853122946905,4559.146877053095,59.47958833559146,-7.5,-30.5301708113837,15.530170811383702,9.739463170891035,7591.533107551622,6371.928569777347,8811.137645325898,60.93755243112648
3,1,-0.0025,0.0025,0.0030624063219875,0.0030547596979886,4417.625,4259.285363142184,4575.964636857816,66.96185947985613,-8.375,-45.89079428811714,29.140794288117142,15.865435814103202,7591.533107551622,6371.928569777347,8811.137645325898,61.05080366430657
3,1,0.0,0.0,0.0030624063219875,0.0030624063219875,4426.0,4278.484858846441,4573.515141153559,62.38417839713619,0.0,0.0,0.0,0.0,7591.533107551622,6371.928569777347,8811.137645325898,61.159860407368875
3,1,0.0025,0.0025,0.0030624063219875,0.0030700720380991,4429.0,4286.57747633292,4571.42252366708,60.23050959201893,3.0,-7.678276885887536,13.678276885887536,4.515845119449641,7591.533107551622,6371.928569777347,8811.137645325898,61.19761081842891
3,1,0.005,0.005,0.0030624063219875,0.0030777566134929,4439.5,4315.21414492109,4563.78585507891,52.56050934739068,13.5,-24.727801857153153,51.72780185715315,16.166543936696637,7591.533107551622,6371.928569777347,8811.137645325898,61.26472266031341
3,1,0.01,0.01,0.0030624063219875,0.0030931839719414,4420.0,4284.104621933814,4555.895378066186,57.47017860222316,-6.0,-65.63020580414056,53.63020580414055,25.21762422252682,7591.533107551622,6371.928569777347,8811.137645325898,61.36119593302237
3,1,0.02,0.02,0.0030624063219875,0.0031242710538208,4468.25,4310.419555100275,4626.080444899725,66.74652211378294,42.25,-14.709526789021893,99.2095267890219,24.088193610741577,7591.533107551622,6371.928569777347,8811.137645325898,61.696755142444886
3,1,0.05,0.05,0.0030624063219875,0.0032194191589951,4514.5,4396.596065243923,4632.403934756077,49.86159415249949,88.5,-0.5946631570729579,177.59466315707294,37.67814827115124,7591.533107551622,6371.928569777347,8811.137645325898,62.58598704741452
3,1,0.1,0.1,0.0030624063219875,0.0033844825811684,4555.125,4477.344319578527,4632.905680421473,32.893463039246654,129.125,21.575031522769194,236.6749684772308,45.48290004417672,7591.533107551622,6371.928569777347,8811.137645325898,63.97436327640011
3,2,-0.1,0.1,0.0152102718129754,0.013762823306024,53598.875,53415.37517516206,53782.37482483794,77.60210727532744,-1796.25,-1943.879317303801,-1648.620682696199,62.432463510580774,1076487.3511024239,1059619.3779124406,1093355.3242924071,154.03006610516422
3,2,-0.05,0.05,0.0152102718129754,0.0144684584811329,54485.75,54342.069886789446,54629.430113210554,60.762344424816256,-909.375,-1006.2781738464561,-812.4718261535439,40.98036877579312,1076487.3511024239,1059619.3779124406,1093355.3242924071,155.19193986778967
3,2,-0.02,0.02,0.0152102718129754,0.0149090886116027,54960.75,54804.082808501196,55117.417191498804,66.25458205178826,-434.375,-576.7210433559113,-292.0289566440887,60.19816605535895,1076487.3511024239,1059619.3779124406,1093355.3242924071,155.84208583604575
3,2,-0.01,0.01,0.0152102718129754,0.0150589272379875,55191.0,55057.86289483368,55324.13710516632,56.30370452161334,-204.125,-269.3261141762881,-138.9238858237119,27.57356232491033,1076487.3511024239,1059619.3779124406,1093355.3242924071,156.15667259487935
3,2,-0.005,0.005,0.0152102718129754,0.0151344100013375,55315.75,55204.63624603144,55426.86375396856,46.99002553734143,-79.375,-148.11044397765264,-10.639556022347364,29.068231001755656,1076487.3511024239,1059619.3779124406,1093355.3242924071,156.24056239723498
3,2,-0.0025,0.0025,0.0152102718129754,0.0151722934097051,55345.0,55178.047408394574,55511.952591605426,70.60427951416462,-50.125,-149.09926237451418,48.84926237451418,41.85623246815904,1076487.3511024239,1059619.3779124406,1093355.3242924071,156.27411831817722
3,2,0.0,0.0,0.0152102718129754,0.0152102718129754,55395.125,55251.222204740945,55539.027795259055,60.85651670117178,0.0,0.0,0.0,0.0,1076487.3511024239,1059619.3779124406,1093355.3242924071,156.34542465017952
3,2,0.0025,0.0025,0.0152102718129754,0.0152483452111482,55409.125,55256.38141348928,55561.86858651072,64.59528883197066,14.0,-31.361358106313688,59.36135810631369,19.183326093250876,1076487.3511024239,1059619.3779124406,1093355.3242924071,156.374786081004
3,2,0.005,0.005,0.0152102718129754,0.0152865136042237,55470.25,55333.0059096697,55607.4940903303,58.04054924914872,75.125,12.431493026401668,137.81850697359835,26.51309481046246,1076487.3511024239,1059619.3779124406,1093355.3242924071,156.44189792288847
3,2,0.01,0.01,0.0152102718129754,0.0153631381690502,55589.875,55449.01570827088,55730.73429172912,59.569418538374194,194.75,98.83400166146562,290.6659983385344,40.562892084831844,1076487.3511024239,1059619.3779124406,1093355.3242924071,156.57612160665747
3,2,0.02,0.02,0.0152102718129754,0.0155175393447279,55681.375,55564.10968101635,55798.64031898365,49.5915234332297,286.25,188.71846287867834,383.78153712132166,41.24610371209105,1076487.3511024239,1059619.3779124406,1093355.3242924071,156.74809570148653
3,2,0.05,0.05,0.0152102718129754,0.0159901194274425,56147.125,56005.872847624814,56288.377152375186,59.735559372717255,752.0,599.240358019739,904.759641980261,64.60207869278334,1076487.3511024239,1059619.3779124406,1093355.3242924071,157.39404717962483
3,2,0.1,0.1,0.0152102718129754,0.0168099515140056,57027.125,56903.798504041544,57150.451495958456,52.154796211442935,1632.0,1510.1915181017905,1753.8084818982095,51.51282780600797,1076487.3511024239,1059619.3779124406,1093355.3242924071,158.40072480789235
3,7,-0.1,0.1,0.0139875570312142,0.0126564651727676,147395.875,146920.8741666642,147870.8758333358,200.87793357267634,-5806.75,-5989.278879338101,-5624.221120661899,77.1914942575559,1926308.641678514,1896807.3453401353,1955809.9380168926,238.44417972551258
3,7,-0.05,0.05,0.0139875570312142,0.0133053762838244,150419.625,149862.10856107005,150977.14143892995,235.77379727642096,-2783.0,-3048.6912294884714,-2517.3087705115286,112.36086634462322,1926308.641678514,1896807.3453401353,1955809.9380168926,240.69242642864333
3,7,-0.02,0.02,0.0139875570312142,0.0137105854228138,151993.25,151567.62027381104,152418.87972618896,179.99888392511136,-1209.375,-1391.2507634000347,-1027.4992365999653,76.91529141576093,1926308.641678514,1896807.3453401353,1955809.9380168926,241.98852387503774
3,7,-0.01,0.01,0.0139875570312142,0.0138483783230185,152631.75,152181.55653179728,153081.94346820272,190.38689461950142,-570.875,-795.397570252417,-346.35242974758296,94.95063331993705,1926308.641678514,1896807.3453401353,1955809.9380168926,242.44991778799366
3,7,-0.005,0.005,0.0139875570312142,0.0139177935197949,152983.5,152469.37014613533,153497.62985386467,217.425603039621,-219.125,-380.1499325863732,-58.10006741362682,68.09747150225182,1926308.641678514,1896807.3453401353,1955809.9380168926,242.69319821482497
3,7,-0.0025,0.0025,0.0139875570312142,0.0139526315033435,153096.75,152610.00696565578,153583.49303434422,205.84371238532262,-105.875,-269.9491074656237,58.199107465623655,69.38696807964529,1926308.641678514,1896807.3453401353,1955809.9380168926,242.78967148753395
3,7,0.0,0.0,0.0139875570312142,0.0139875570312142,153202.625,152746.33042709378,153658.91957290622,192.96705284100406,0.0,0.0,0.0,0.0,1926308.641678514,1896807.3453401353,1955809.9380168926,242.87775578000736
3,7,0.0025,0.0025,0.0139875570312142,0.0140225701034069,153414.0,152848.19283528932,153979.80716471068,239.27994662558507,211.375,78.08279067648587,344.66720932351416,56.369298096190114,1926308.641678514,1896807.3453401353,1955809.9380168926,243.02036844401192
3,7,0.005,0.005,0.0139875570312142,0.014057669788599,153569.125,152994.1314294799,154144.1185705201,243.16487921191015,366.5,217.6198533702245,515.3801466297755,62.961439446242466,1926308.641678514,1896807.3453401353,1955809.9380168926,243.1671755981343
3,7,0.01,0.01,0.0139875570312142,0.0141281345859169,153935.25,153300.49265540965,154570.00734459035,268.4389894769919,732.625,516.8316650902939,948.4183349097061,91.25903820209496,1926308.641678514,1896807.3453401353,1955809.9380168926,243.41465051508337
3,7,0.02,0.02,0.0139875570312142,0.0142701240256428,154459.0,153838.8477852475,155079.1522147525,262.2624775732456,1256.375,1044.5218889948178,1468.2281110051822,89.59271683967556,1926308.641678514,1896807.3453401353,1955809.9380168926,243.80473809603703
3,7,0.05,0.05,0.0139875570312142,0.0147047145292162,156202.875,155734.09768037312,156671.65231962688,198.24600856187317,3000.25,2773.3636517459545,3227.1363482540455,95.95027544068257,1926308.641678514,1896807.3453401353,1955809.9380168926,245.0840575819603
3,7,0.1,0.1,0.0139875570312142,0.0154586415737867,159040.875,158580.09333441386,159501.65666558614,194.86464510196373,5838.25,5555.31765470059,6121.18234529941,119.65213716675281,1926308.641678514,1896807.3453401353,1955809.9380168926,247.25260897285324
4,1,-0.1,0.1,0.0108905816450715,0.0098542058840394,114929.0,114353.59458294304,115504.40541705696,243.33904918270483,-6022.5,-6340.867355040694,-5704.132644959306,134.6376088404934,454824.9294868782,443195.6056560743,466454.25331768213,247.62591859333577
4,1,-0.05,0.05,0.0108905816450715,0.0103594418615102,117888.75,117467.30168609128,118310.19831390872,178.230563957396,-3062.75,-3250.718904471517,-2874.781095528483,79.4920818159178,454824.9294868782,443195.6056560743,466454.25331768213,250.2432804268313
4,1,-0.02,0.02,0.0108905816450715,0.0106749339029192,119818.25,119335.95426805611,120300.54573194389,203.96294744039034,-1133.25,-1240.8373873028333,-1025.6626126971667,45.4987244719171,454824.9294868782,443195.6056560743,466454.25331768213,251.89171504311935
4,1,-0.01,0.01,0.0108905816450715,0.0107822185382246,120365.875,119829.44870727856,120902.30129272144,226.85477084154837,-585.625,-752.1230095592064,-419.12699044079363,70.41203668915057,454824.9294868782,443195.6056560743,466454.25331768213,252.3279420153686
4,1,-0.005,0.005,0.0108905816450715,0.0108362641185522,120623.0,120131.96251767511,121114.03748232489,207.6598351700616,-328.5,-469.2263650358143,-187.77363496418567,59.51320381706422,454824.9294868782,443195.6056560743,466454.25331768213,252.60477836314215
4,1,-0.0025,0.0025,0.0108905816450715,0.0108633888885378,120781.125,120249.13044207133,121313.11955792867,224.98058944051152,-170.375,-253.3548520925522,-87.39514790744781,35.09219362723608,454824.9294868782,443195.6056560743,466454.25331768213,252.73900204691117
4,1,0.0,0.0,0.0108905816450715,0.0108905816450715,120951.5,120430.66251235982,121472.33748764018,220.26226250929656,0.0,0.0,0.0,0.0,454824.9294868782,443195.6056560743,466454.25331768213,252.87322573068016
4,1,0.0025,0.0025,0.0108905816450715,0.010917842388153,121092.75,120488.6077161824,121696.8922838176,255.49187504553979,141.25,6.86871525342417,275.63128474657583,56.82986827867392,454824.9294868782,443195.6056560743,466454.25331768213,252.9948659440958
4,1,0.005,0.005,0.0108905816450715,0.0109451711177825,121157.0,120582.11522026174,121731.88477973826,243.1188715716773,205.5,47.33509337921521,363.6649066207848,66.88796603276258,454824.9294868782,443195.6056560743,466454.25331768213,253.05778329586255
4,1,0.01,0.01,0.0108905816450715,0.011000033468008,121412.75,120928.84113550192,121896.65886449808,204.6451414731643,461.25,236.9929392386211,685.5070607613789,94.83834931081412,454824.9294868782,443195.6056560743,466454.25331768213,253.2842857622227
4,1,0.02,0.02,0.0108905816450715,0.0111105861142277,122125.5,121556.45367041779,122694.54632958221,240.64979000317334,1174.0,942.9745337096032,1405.0254662903967,97.70070916543322,454824.9294868782,443195.6056560743,466454.25331768213,253.8085970269454
4,1,0.05,0.05,0.0108905816450715,0.0114489533007144,123767.0,123120.36837054965,124413.63162945035,273.4606265730302,2815.5,2354.6077133459107,3276.3922866540893,194.9114267705059,454824.9294868782,443195.6056560743,466454.25331768213,255.24311264722658
4,1,0.1,0.1,0.0108905816450715,0.0120359547436237,126506.375,125803.67738197824,127209.07261802176,297.1709427188812,5554.875,5099.52068922802,6010.22931077198,192.56941582378622,454824.9294868782,443195.6056560743,466454.25331768213,257.57944364283077
4,2,-0.1,0.1,0.0116654084995388,0.0105552980676293,126306.5,125519.42180590941,127093.57819409059,332.8555027550028,-7933.125,-8358.649310176217,-7507.600689823783,179.95430347531484,1734972.1054024603,1701370.742922595,1768573.4678823256,208.44518640314084
4,2,-0.05,0.05,0.0116654084995388,0.0110964803025126,130336.25,129642.23583937193,131030.26416062807,293.4987071035042,-3903.375,-4259.5644688731245,-3547.1855311268755,150.6325872422223,1734972.1054024603,1701370.742922595,1768573.4678823256,211.35196805476326
4,2,-0.02,0.02,0.0116654084995388,0.0114344181492924,132552.25,131913.02985755826,133191.47014244174,270.3263074508288,-1687.375,-2022.8770475445424,-1351.8729524554576,141.88387322787202,1734972.1054024603,1701370.742922595,1768573.4678823256,213.04654206234687
4,2,-0.01,0.01,0.0116654084995388,0.0115493359044194,133712.25,133131.0286521393,134293.4713478607,245.79860731326949,-527.375,-764.6639948468924,-290.0860051531076,100.34955646211326,1734972.1054024603,1701370.742922595,1768573.4678823256,213.70927150095633
4,2,-0.005,0.005,0.0116654084995388,0.0116072269156575,133884.625,133319.21609998526,134450.03390001474,239.11152041762557,-355.0,-536.1750394398334,-173.82496056016655,76.61895513327158,1734972.1054024603,1701370.742922595,1768573.4678823256,213.8728566155498
4,2,-0.0025,0.0025,0.0116654084995388,0.0116362813860178,134158.5,133507.91916059208,134809.08083940792,275.13074813882315,-81.125,-174.88768418203796,12.637684182037944,39.6522551601509,1734972.1054024603,1701370.742922595,1768573.4678823256,214.06160867084998
4,2,0.0,0.0,0.0116654084995388,0.0116654084995388,134239.625,133583.32599331404,134895.92400668596,277.5489620576624,0.0,0.0,0.0,0.0,1734972.1054024603,1701370.742922595,1768573.4678823256,214.2042213348545
4,2,0.0025,0.0025,0.0116654084995388,0.0116946091875433,134550.25,133802.15283828435,135298.34716171565,316.37041750364165,310.625,131.31907993866255,489.9309200613375,75.82850422876234,1734972.1054024603,1701370.742922595,1768573.4678823256,214.41814033086138
4,2,0.005,0.005,0.0116654084995388,0.0117238815873861,135060.5,134137.23361487943,135983.76638512057,390.4495120096469,820.875,442.4592700176187,1199.2907299823814,160.032076862734,1734972.1054024603,1701370.742922595,1768573.4678823256,214.62786483675043
4,2,0.01,0.01,0.0116654084995388,0.0117826480418443,135331.375,134592.50046655312,136070.24953344688,312.4701664330761,1091.75,818.2290281893214,1365.2709718106785,115.67206571041379,1734972.1054024603,1701370.742922595,1768573.4678823256,214.8795342438173
4,2,0.02,0.02,0.0116654084995388,0.0119010647758841,136022.75,135375.8300329782,136669.6699670218,273.582564581256,1783.125,1643.1338824203372,1923.1161175796628,59.20226754223909,1734972.1054024603,1701370.742922595,1768573.4678823256,215.3912620381866
4,2,0.05,0.05,0.0116654084995388,0.0122635066509246,138280.375,137394.32748252898,139166.42251747102,374.7096465217149,4040.75,3650.159923639559,4431.34007636044,165.18061002603005,1734972.1054024603,1701370.742922595,1768573.4678823256,217.02291869400355
4,2,0.1,0.1,0.0116654084995388,0.0128922704607248,142191.375,141216.6784797534,143166.0715202466,412.19932494139636,7951.75,7352.802207909761,8550.69779209024,253.29512360654937,1734972.1054024603,1701370.742922595,1768573.4678823256,219.6738364484413
4,7,-0.1,0.1,0.0098292483016848,0.008893871679902,4246.5,4156.13678398572,4336.86321601428,38.21461949119921,-200.75,-316.40764255828327,-85.09235744171671,48.911636798268304,164.22326387176156,121.90605995901535,206.54046778450777,24.49582228784269
4,7,-0.05,0.05,0.0098292483016848,0.0093498704954981,4325.875,4199.608210479302,4452.141789520698,53.39824686127011,-121.375,-209.34744130338464,-33.402558696615344,37.20356045749231,164.22326387176156,121.90605995901535,206.54046778450777,25.43958256434348
4,7,-0.02,0.02,0.0098292483016848,0.0096346158534288,4380.75,4214.344480917054,4547.155519082946,70.37292245093786,-66.5,-122.36793416959196,-10.632065830408045,23.626558905483584,164.22326387176156,121.90605995901535,206.54046778450777,26.081339552364014
4,7,-0.01,0.01,0.0098292483016848,0.0097314454615116,4389.0,4223.359318955735,4554.640681044265,70.04947231370534,-58.25,-96.9676598490143,-19.53234015098571,16.37370496514806,164.22326387176156,121.90605995901535,206.54046778450777,26.25750813731083
4,7,-0.005,0.005,0.0098292483016848,0.0097802244126796,4416.375,4242.389690222991,4590.360309777009,73.57841723048176,-30.875,-59.093249440269766,-2.6567505597302343,11.933502509441942,164.22326387176156,121.90605995901535,206.54046778450777,26.404315291433175
4,7,-0.0025,0.0025,0.0098292483016848,0.0098047060891985,4427.0,4243.660456674656,4610.339543325344,77.53432419626438,-20.25,-37.20023766789109,-3.2997623321089087,7.168258405737657,164.22326387176156,121.90605995901535,206.54046778450777,26.45045468272877
4,7,0.0,0.0,0.0098292483016848,0.0098292483016848,4447.25,4258.3474566774785,4636.1525433225215,79.88691784552177,0.0,0.0,0.0,0.0,164.22326387176156,121.90605995901535,206.54046778450777,26.52595550484883
4,7,0.0025,0.0025,0.0098292483016848,0.0098538529127836,4450.625,4253.2138025599825,4648.0361974400175,83.48522912553366,3.375,-16.169902764344034,22.919902764344034,8.265542718332016,164.22326387176156,121.90605995901535,206.54046778450777,26.580483876379986
4,7,0.005,0.005,0.0098292483016848,0.0098785171285271,4467.25,4269.574549602009,4664.925450397991,83.59698174660886,20.0,1.1358616200745395,38.864138379925464,7.977647343851265,164.22326387176156,121.90605995901535,206.54046778450777,26.635012247911142
4,7,0.01,0.01,0.0098292483016848,0.0099280336871743,4471.625,4259.696493722169,4683.553506277831,89.62460151335999,24.375,-18.559462368794435,67.30946236879444,18.15699147121335,164.22326387176156,121.90605995901535,206.54046778450777,26.723096540384553
4,7,0.02,0.02,0.0098292483016848,0.0100278118625283,4468.75,4242.977136397702,4694.522863602298,95.47938259121703,21.5,-26.269339612312052,69.26933961231205,20.20166188354668,164.22326387176156,121.90605995901535,206.54046778450777,26.920237575920268
4,7,0.05,0.05,0.0098292483016848,0.0103332046419382,4516.875,4319.428653751085,4714.321346248915,83.50009356282182,69.625,15.946508836747917,123.30349116325209,22.700643084031153,164.22326387176156,121.90605995901535,206.54046778450777,27.520049662762993
4,7,0.1,0.1,0.0098292483016848,0.0108629995957016,4664.5,4435.215478540579,4893.784521459421,96.96446329896918,217.25,143.08708803677786,291.41291196322214,31.363508140148205,164.22326387176156,121.90605995901535,206.54046778450777,28.56447770209053
5,1,-0.1,0.1,0.0129776550456881,0.0117426682263612,7210.875,7026.280932772989,7395.469067227011,78.06486256861753,-424.75,-593.4486113507617,-256.05138864923833,71.34267156277711,18235.60491194819,17586.50143565289,18884.70838824349,88.94416294755209
5,1,-0.05,0.05,0.0129776550456881,0.0123447272926568,7419.875,7297.844221685116,7541.905778314884,51.60683699859932,-215.75,-365.96463834968233,-65.53536165031764,63.52579622259201,18235.60491194819,17586.50143565289,18884.70838824349,90.14378712123755
5,1,-0.02,0.02,0.0129776550456881,0.0127206807956099,7508.625,7348.2123137200815,7669.0376862799185,67.83855243464862,-127.0,-229.4555736034037,-24.544426396596307,43.32847958164633,18235.60491194819,17586.50143565289,18884.70838824349,90.71843226737357
5,1,-0.01,0.01,0.0129776550456881,0.0128485253080725,7588.125,7434.748642795609,7741.501357204391,64.86288766643504,-47.5,-114.39660100960091,19.396601009600914,28.290583996396094,18235.60491194819,17586.50143565289,18884.70838824349,90.98268514479379
5,1,-0.005,0.005,0.0129776550456881,0.0129129281267523,7603.25,7433.8096333611265,7772.6903666388735,71.65636000085009,-32.375,-74.70757085750715,9.95757085750715,17.902451448255427,18235.60491194819,17586.50143565289,18884.70838824349,91.1169088285628
5,1,-0.0025,0.0025,0.0129776550456881,0.0129452515393495,7614.125,7452.485507243439,7775.764492756561,68.35736910322314,-21.5,-60.42919293084477,17.42919293084477,16.463162341595076,18235.60491194819,17586.50143565289,18884.70838824349,91.19660414080064
5,1,0.0,0.0,0.0129776550456881,0.0129776550456881,7635.625,7478.763426702017,7792.486573297983,66.33678614787252,0.0,0.0,0.0,0.0,18235.60491194819,17586.50143565289,18884.70838824349,91.2930774135096
5,1,0.0025,0.0025,0.0129776550456881,0.0130101405084133,7640.75,7481.247530428483,7800.252469571517,67.45362163315303,5.125,-16.599769874557527,26.849769874557527,9.187408891676538,18235.60491194819,17586.50143565289,18884.70838824349,91.28468843327406
5,1,0.005,0.005,0.0129776550456881,0.0130427060648798,7672.75,7514.058373188778,7831.441626811222,67.11071609128989,37.125,-10.628529888796287,84.8785298887963,20.194975948770736,18235.60491194819,17586.50143565289,18884.70838824349,91.34341129492299
5,1,0.01,0.01,0.0129776550456881,0.0131080830469727,7691.375,7508.633896996852,7874.116103003148,77.28124368176279,55.75,-10.650349408810598,122.1503494088106,28.08071910963616,18235.60491194819,17586.50143565289,18884.70838824349,91.43149558739638
5,1,0.02,0.02,0.0129776550456881,0.0132398204877972,7761.0,7600.324198455658,7921.675801544342,67.94982392492693,125.375,38.27973429895856,212.47026570104146,36.83260274539392,18235.60491194819,17586.50143565289,18884.70838824349,91.69994295493439
5,1,0.05,0.05,0.0129776550456881,0.0136430338025093,7883.625,7734.620205550658,8032.629794449342,63.01415303043322,248.0,141.41189909086438,354.5881009091356,45.07612608529201,18235.60491194819,17586.50143565289,18884.70838824349,92.42139525519278
5,1,0.1,0.1,0.0129776550456881,0.0143425278365612,8154.875,8051.5736645978795,8258.17633540212,43.686152390823864,519.25,391.59567866678793,646.904321333212,53.98503430184543,18235.60491194819,17586.50143565289,18884.70838824349,93.51196268581592
5,2,-0.1,0.1,0.0048190923407673,0.0043604951351881,5702.375,5592.761085859967,5811.988914140033,46.35574301760555,-704.0,-802.3950809460956,-605.6049190539044,41.61129654312636,5682.711789181718,5309.719595794693,6055.7039825687425,58.18596691386195
5,2,-0.05,0.05,0.0048190923407673,0.0045840623788535,6073.625,5962.252580619085,6184.997419380915,47.09941518441907,-332.75,-412.76223763550234,-252.73776236449766,33.837188966326046,5682.711789181718,5309.719595794693,6055.7039825687425,59.49464783060971
5,2,-0.02,0.02,0.0048190923407673,0.0047236680984497,6278.0,6156.499297121155,6399.500702878845,51.38266800613385,-128.375,-176.65359251038916,-80.09640748961084,20.417025021150504,5682.711789181718,5309.719595794693,6055.7039825687425,60.31257340357706
5,2,-0.01,0.01,0.0048190923407673,0.0047711418010294,6305.5,6193.776642775175,6417.223357224825,47.24782685856718,-100.875,-147.41074154694454,-54.339258453055464,19.679973050939733,5682.711789181718,5309.719595794693,6055.7039825687425,60.4384081071105
5,2,-0.005,0.005,0.0048190923407673,0.0047950567677617,6384.5,6298.2479196421955,6470.7520803578045,36.47601951967895,-21.875,-88.05647992432284,44.30647992432284,27.988159167251936,5682.711789181718,5309.719595794693,6055.7039825687425,60.68588302405959
5,2,-0.0025,0.0025,0.0048190923407673,0.0048070596531033,6397.75,6296.752236618428,6498.747763381572,42.71197138976378,-8.625,-39.00551684341906,21.75551684341906,12.847925763662063,5682.711789181718,5309.719595794693,6055.7039825687425,60.73621690547297
5,2,0.0,0.0,0.0048190923407673,0.0048190923407673,6406.375,6291.961863878915,6520.788136121085,48.38533481335021,0.0,0.0,0.0,0.0,5682.711789181718,5309.719595794693,6055.7039825687425,60.79074527700412
5,2,0.0025,0.0025,0.0048190923407673,0.004831155296415,6434.375,6318.135929300865,6550.614070699135,49.15752285837264,28.0,14.549227646703192,41.450772353296806,5.688333926304155,5682.711789181718,5309.719595794693,6055.7039825687425,60.86624609912418
5,2,0.005,0.005,0.0048190923407673,0.0048432480543851,6441.875,6316.813553186573,6566.936446813427,52.88850722442988,35.5,19.295113254290868,51.70488674570913,6.853049373402012,5682.711789181718,5309.719595794693,6055.7039825687425,60.92496896077313
5,2,0.01,0.01,0.0048190923407673,0.0048675253055989,6447.125,6327.947135522976,6566.302864477024,50.40033924914168,40.75,-1.6410542075517753,83.14105420755178,17.92718406698131,5682.711789181718,5309.719595794693,6055.7039825687425,61.03822019395322
5,2,0.02,0.02,0.0048190923407673,0.0049164444208145,6512.125,6364.585197775966,6659.664802224034,62.394607568053736,105.75,4.831356317125795,206.6686436828742,42.67851165566645,5682.711789181718,5309.719595794693,6055.7039825687425,61.21019428878226
5,2,0.05,0.05,0.0048190923407673,0.0050661722198128,6642.875,6485.889670205691,6799.860329794309,66.38912279131273,236.5,105.44455395906931,367.5554460409307,55.42337052182951,5682.711789181718,5309.719595794693,6055.7039825687425,61.96520250998288
5,2,0.1,0.1,0.0048190923407673,0.0053259208798408,6927.75,6816.772917920245,7038.727082079755,46.93222697221418,521.375,461.7918017350314,580.9581982649686,25.19774472617965,5682.711789181718,5309.719595794693,6055.7039825687425,63.24452199590617
5,7,-0.1,0.1,0.0127071822062134,0.0114979343488812,68179.0,67700.04391315061,68657.95608684939,202.55061095933527,-5760.5,-6121.042339293798,-5399.957660706202,152.47341688682278,191236.98322566715,186292.00688727555,196181.95956405875,164.36528975537732
5,7,-0.05,0.05,0.0127071822062134,0.012087445706129,70853.875,70468.61292318978,71239.13707681022,162.9273981059399,-3085.625,-3455.4911240648494,-2715.7588759351506,156.41644705949014,191236.98322566715,186292.00688727555,196181.95956405875,167.5111573437133
5,7,-0.02,0.02,0.0127071822062134,0.0124555630609393,72784.125,72350.42557077044,73217.82442922956,183.41156271970888,-1155.375,-1375.604890463145,-935.145109536855,93.13525830363983,191236.98322566715,186292.00688727555,196181.95956405875,169.6587362840173
5,7,-0.01,0.01,0.0127071822062134,0.0125807439908385,73403.625,73070.19563036672,73737.05436963328,141.00733738507572,-535.875,-800.1681142852865,-271.58188571471356,111.76960318632507,191236.98322566715,186292.00688727555,196181.95956405875,170.4011610348646
5,7,-0.005,0.005,0.0127071822062134,0.0126438047736883,73594.375,73221.5758341507,73967.1741658493,157.65683093125307,-345.125,-539.3408460994922,-150.90915390050782,82.13391449769263,191236.98322566715,186292.00688727555,196181.95956405875,170.63185799134254
5,7,-0.0025,0.0025,0.0127071822062134,0.0126754539087414,73782.5,73328.13117177236,74236.86882822764,192.1526550874144,-157.0,-303.92305303571663,-10.076946964283394,62.13378423094108,191236.98322566715,186292.00688727555,196181.95956405875,170.82899902687828
5,7,0.0,0.0,0.0127071822062134,0.0127071822062134,73939.5,73488.29316086584,74390.70683913416,190.81544935954665,0.0,0.0,0.0,0.0,191236.98322566715,186292.00688727555,196181.95956405875,170.94644475017617
5,7,0.0025,0.0025,0.0127071822062134,0.0127389905974268,74099.0,73685.97641227157,74512.02358772843,174.66774581636824,159.5,30.589245179488074,288.4107548205119,54.51638023828906,191236.98322566715,186292.00688727555,196181.95956405875,171.13100231535853
5,7,0.005,0.005,0.0127071822062134,0.0127708772197365,74236.75,73781.55308651672,74691.94691348328,192.50285248350403,297.25,167.94270671315704,426.557293286843,54.684076423449945,191236.98322566715,186292.00688727555,196181.95956405875,171.28200395959865
5,7,0.01,0.01,0.0127071822062134,0.0128348916769027,74629.875,74153.92750838591,75105.82249161409,201.2782755203069,690.375,525.745920774041,855.004079225959,69.6216657319093,191236.98322566715,186292.00688727555,196181.95956405875,171.697258481259
5,7,0.02,0.02,0.0127071822062134,0.0129638845100998,75122.25,74738.70189898674,75505.79810101326,162.2025574485715,1182.75,985.5600486673369,1379.939951332663,83.39166410893323,191236.98322566715,186292.00688727555,196181.95956405875,172.23834770645277
5,7,0.05,0.05,0.0127071822062134,0.0133586935698986,76855.5,76564.88166009824,77146.11833990176,122.9025455972565,2916.0,2695.870300424482,3136.129699575518,93.09288756014455,191236.98322566715,186292.00688727555,196181.95956405875,174.08392335827654
5,7,0.1,0.1,0.0127071822062134,0.0140436086803674,80012.125,79655.08395367765,80369.16604632235,150.99271949099304,6072.625,5653.208581590382,6492.041418409618,177.37127500367293,191236.98322566715,186292.00688727555,196181.95956405875,177.6827958793329
6,1,-0.1,0.1,0.0181871354579925,0.0164564009755849,8189.625,7908.591927557067,8470.658072442933,118.84893435125352,-399.125,-614.9454010828687,-183.3045989171313,91.27048449134973,392516.83988140523,380684.57122896565,404349.1085338448,84.00724807892352
6,1,-0.05,0.05,0.0181871354579925,0.0173001382499933,8374.875,8060.643140362396,8689.106859637604,132.888707127968,-213.875,-393.21349308266326,-34.53650691733674,75.84227936504621,392516.83988140523,380684.57122896565,404349.1085338448,84.56092077447065
6,1,-0.02,0.02,0.0181871354579925,0.0178270060569047,8520.625,8151.884411981787,8889.365588018212,155.94045767306736,-68.125,-184.37738415952248,48.12738415952248,49.16315312304531,392516.83988140523,380684.57122896565,404349.1085338448,84.80000671118418
6,1,-0.01,0.01,0.0181871354579925,0.018006170168519,8581.875,8199.066496688365,8964.683503311635,161.88978145419094,-6.875,-135.8116510944371,122.06165109443711,54.52733177695646,392516.83988140523,380684.57122896565,404349.1085338448,84.96359182577766
6,1,-0.005,0.005,0.0181871354579925,0.0180964265018701,8490.625,8152.280066715457,8828.969933284543,143.08613009303173,-98.125,-175.2184306091517,-21.031569390848304,32.60282497619756,392516.83988140523,380684.57122896565,404349.1085338448,85.00134223683769
6,1,-0.0025,0.0025,0.0181871354579925,0.0181417241692543,8567.875,8215.635709270153,8920.114290729847,148.9620562305333,-20.875,-114.41592406678836,72.66592406678836,39.55847276952363,392516.83988140523,380684.57122896565,404349.1085338448,85.08103754907553
6,1,0.0,0.0,0.0181871354579925,0.0181871354579925,8588.75,8263.343191043303,8914.156808956697,137.61459510427767,0.0,0.0,0.0,0.0,392516.83988140523,380684.57122896565,404349.1085338448,85.06006509848662
6,1,0.0025,0.0025,0.0181871354579925,0.0182326603680849,8643.75,8291.248513744873,8996.251486255127,149.07293876297123,55.0,-16.55953995721059,126.55953995721059,30.262541674013907,392516.83988140523,380684.57122896565,404349.1085338448,85.05167611825107
6,1,0.005,0.005,0.0181871354579925,0.0182782988995313,8631.25,8258.800300173309,9003.699699826691,157.50904169058265,42.5,-63.24921135612061,148.2492113561206,44.72135954999579,392516.83988140523,380684.57122896565,404349.1085338448,85.08103754907552
6,1,0.01,0.01,0.0181871354579925,0.0183699186891317,8631.375,8301.848518452778,8960.901481547222,139.35680534666605,42.625,-68.56976729894977,153.81976729894978,47.02428608860381,392516.83988140523,380684.57122896565,404349.1085338448,85.14814939096003
6,1,0.02,0.02,0.0181871354579925,0.0185545403510332,8624.0,8305.71858922568,8942.28141077432,134.60126299556032,35.25,-108.52528677681505,179.02528677681505,60.80259334224862,392516.83988140523,380684.57122896565,404349.1085338448,85.21106674272676
6,1,0.05,0.05,0.0181871354579925,0.0191196091473102,8638.75,8368.452380478666,8909.047619521334,114.3089094765333,50.0,-108.81757225463667,208.81757225463667,67.16397844082793,392516.83988140523,380684.57122896565,404349.1085338448,85.50468105097144
6,1,0.1,0.1,0.0181871354579925,0.0200998932123184,8798.625,8514.11528047414,9083.13471952586,120.31920899661628,209.875,76.63860924594238,343.11139075405765,56.34569241363023,392516.83988140523,380684.57122896565,404349.1085338448,86.14643803899197
6,2,-0.1,0.1,0.0160542204976081,0.0145264593884348,19338.875,19251.595928709132,19426.154071290868,36.910334160735296,-503.375,-635.639245336615,-371.1107546633851,55.93457195050047,1102829.248977296,1058674.4636922246,1146984.0342623675,100.05956175967249
6,2,-0.05,0.05,0.0160542204976081,0.0152712473645806,19585.25,19494.167284125684,19676.332715874316,38.51889610493604,-257.0,-368.52477911167676,-145.47522088832324,47.16384814058933,1102829.248977296,1058674.4636922246,1146984.0342623675,100.69292976745747
6,2,-0.02,0.02,0.0160542204976081,0.0157363265752792,19731.0,19569.80057253291,19892.19942746709,68.17126541712004,-111.25,-201.86452006094896,-20.635479939051052,38.32089601547139,1102829.248977296,1058674.4636922246,1146984.0342623675,100.9529881547599
6,2,-0.01,0.01,0.0160542204976081,0.0158944781869649,19784.0,19628.940574440585,19939.059425559415,65.57465756133016,-58.25,-128.88086950508296,12.380869505082956,29.86980678114368,1102829.248977296,1058674.4636922246,1146984.0342623675,101.11237877923558
6,2,-0.005,0.005,0.0160542204976081,0.015974149107933,19779.375,19635.48781726425,19923.26218273575,60.849914162399834,-62.875,-126.32364162994736,0.5736416299473603,26.83244138564893,1102829.248977296,1058674.4636922246,1146984.0342623675,101.12915673970672
6,2,-0.0025,0.0025,0.0160542204976081,0.0160141345113515,19836.25,19688.51115660634,19983.98884339366,62.47878211269578,-6.0,-63.857411035978664,51.857411035978664,24.467909012185153,1102829.248977296,1058674.4636922246,1146984.0342623675,101.18787960135565
6,2,0.0,0.0,0.0160542204976081,0.0160542204976081,19842.25,19737.867602093425,19946.632397906575,44.143333908659734,0.0,0.0,0.0,0.0,1102829.248977296,1058674.4636922246,1146984.0342623675,101.20465756182679
6,2,0.0025,0.0025,0.0160542204976081,0.0160944070667028,19853.0,19738.827925928777,19967.172074071223,48.28338963127707,10.75,-60.29526676339442,81.79526676339442,30.04505545248431,1102829.248977296,1058674.4636922246,1146984.0342623675,101.23821348276903
6,2,0.005,0.005,0.0160542204976081,0.0161346923559904,19872.875,19753.43101206704,19992.31898793296,50.512882904123714,30.625,-38.43651269832499,99.68651269832499,29.206125519437574,1102829.248977296,1058674.4636922246,1146984.0342623675,101.27596389382907
6,2,0.01,0.01,0.0160542204976081,0.01621556840837,19883.625,19800.30651633073,19966.94348366927,35.235400978885664,41.375,-31.285253633184368,114.03525363318437,30.728033675642646,1102829.248977296,1058674.4636922246,1146984.0342623675,101.25079695312238
6,2,0.02,0.02,0.0160542204976081,0.0163785368204116,19929.25,19796.86064072325,20061.63935927675,55.987482657159305,87.0,-4.076412354055549,178.07641235405555,38.516230345141516,1102829.248977296,1058674.4636922246,1146984.0342623675,101.45632696889365
6,2,0.05,0.05,0.0160542204976081,0.0168773382902145,20081.875,19930.851814559373,20232.898185440627,63.86773092549498,239.625,122.22607716330401,357.023922836696,49.64802452551072,1102829.248977296,1058674.4636922246,1146984.0342623675,101.78769168819838
6,2,0.1,0.1,0.0160542204976081,0.017742658033967,20296.125,20151.34990085916,20440.90009914084,61.22541416181449,453.875,366.7631128734794,540.9868871265206,36.83963194906888,1102829.248977296,1058674.4636922246,1146984.0342623675,102.19875171974095
6,7,-0.1,0.1,0.0183411631733179,0.016595771536231,28967.0,28619.372660316574,29314.627339683426,147.01166134503947,-1672.0,-1903.0704098528654,-1440.9295901471346,97.71971580567994,158606.742321037,151815.49148230924,165397.99315976474,107.87809133921681
6,7,-0.05,0.05,0.0183411631733179,0.0174466539174318,29710.875,29446.318697162216,29975.431302837784,111.88090567014295,-928.125,-1161.193237961366,-695.0567620386339,98.56459765409832,158606.742321037,151815.49148230924,165397.99315976474,109.36713533102915
6,7,-0.02,0.02,0.0183411631733179,0.0179779846221208,30309.75,29993.436048215543,30626.063951784457,133.76922425260176,-329.25,-447.8562131017237,-210.6437868982763,50.158587784859215,158606.742321037,151815.49148230924,165397.99315976474,110.36961846917887
6,7,-0.01,0.01,0.0183411631733179,0.0181586649268865,30487.75,30159.930566727413,30815.569433272587,138.63489433966987,-151.25,-236.3456781089472,-66.1543218910528,35.986976811063194,158606.742321037,151815.49148230924,165397.99315976474,110.71356665883695
6,7,-0.005,0.005,0.0183411631733179,0.018249686807394,30586.625,30278.871973833906,30894.378026166094,130.14880734594314,-52.375,-130.35119936980732,25.601199369807304,32.97614803590186,158606.742321037,151815.49148230924,165397.99315976474,110.92748565484379
6,7,-0.0025,0.0025,0.0183411631733179,0.0182953663170337,30613.0,30320.637102366803,30905.362897633197,123.64031935994248,-26.0,-96.30107265739822,44.30107265739822,29.730335637911267,158606.742321037,151815.49148230924,165397.99315976474,111.00718096708164
6,7,0.0,0.0,0.0183411631733179,0.0183411631733179,30639.0,30302.811464888153,30975.188535111847,142.17418893737357,0.0,0.0,0.0,0.0,158606.742321037,151815.49148230924,165397.99315976474,111.06590382873057
6,7,0.0025,0.0025,0.0183411631733179,0.0183870736509561,30689.375,30366.061983993226,31012.688016006774,136.7291297080263,50.375,-40.001405451458524,140.75140545145854,38.220197306435466,158606.742321037,151815.49148230924,165397.99315976474,111.13301567061507
6,7,0.005,0.005,0.0183411631733179,0.0184330977499485,30736.625,30379.29560895596,31093.95439104404,151.11466052306108,97.625,-17.30882038198594,212.55882038198592,48.6055322762455,158606.742321037,151815.49148230924,165397.99315976474,111.22948894332404
6,7,0.01,0.01,0.0183411631733179,0.0185254942625761,30842.875,30526.51758892975,31159.23241107025,133.78760319198912,203.875,84.55395763064428,323.1960423693557,50.460889204271,158606.742321037,151815.49148230924,165397.99315976474,111.38887956779973
6,7,0.02,0.02,0.0183411631733179,0.0187116786837577,30994.125,30629.084900299615,31359.165099700385,154.3755205312219,355.125,213.02713221176987,497.22286778823013,60.093212565385215,158606.742321037,151815.49148230924,165397.99315976474,111.74121673769335
6,7,0.05,0.05,0.0183411631733179,0.0192815344780683,31454.625,31166.703147658336,31742.546852341664,121.76220054739014,815.625,623.6509937263643,1007.5990062736357,81.18584005231453,158606.742321037,151815.49148230924,165397.99315976474,112.68497701419415
6,7,0.1,0.1,0.0183411631733179,0.0202701203525066,32338.25,31988.09058645708,32688.40941354292,148.0824758128292,1699.25,1560.905948151159,1837.594051848841,58.505723163269614,158606.742321037,151815.49148230924,165397.99315976474,114.22435488741988
7,1,-0.1,0.1,0.0056448862887918,0.0051077045500278,8519.375,8387.944535962275,8650.805464037725,55.58196569674633,-578.375,-704.732299605857,-452.017700394143,53.43652359174788,42767.611301737925,41439.00544006845,44096.2171634074,92.12778094694808
7,1,-0.05,0.05,0.0056448862887918,0.0053695822134613,8760.5,8698.145744313162,8822.854255686838,26.36962538332964,-337.25,-448.93648597182016,-225.56351402817984,47.23223399937195,42767.611301737925,41439.00544006845,44096.2171634074,93.38612798228246
7,1,-0.02,0.02,0.0056448862887918,0.0055331098847091,8957.375,8811.113359065926,9103.636640934074,61.85407294015256,-140.375,-221.9556841021281,-58.79431589787191,34.5004852450347,42767.611301737925,41439.00544006845,44096.2171634074,94.26697090701654
7,1,-0.01,0.01,0.0056448862887918,0.0055887186899781,9027.0,8898.498079111432,9155.501920888568,54.34348429861932,-70.75,-156.99947566956814,15.499475669568156,36.474917996578725,42767.611301737925,41439.00544006845,44096.2171634074,94.53122378443675
7,1,-0.005,0.005,0.0056448862887918,0.0056167324073612,9064.125,8955.155620554651,9173.094379445349,46.08316918510333,-33.625,-92.00970486928162,24.759704869281613,24.690901664378316,42767.611301737925,41439.00544006845,44096.2171634074,94.59833562632124
7,1,-0.0025,0.0025,0.0056448862887918,0.0056307916529476,9069.0,8952.875176380692,9185.124823619308,49.10920774879478,-28.75,-73.81710006550679,16.3171000655068,19.05888431751899,42767.611301737925,41439.00544006845,44096.2171634074,94.6528639978524
7,1,0.0,0.0,0.0056448862887918,0.0056448862887918,9097.75,9000.02414517739,9195.47585482261,41.32828070116498,0.0,0.0,0.0,0.0,42767.611301737925,41439.00544006845,44096.2171634074,94.7912821717392
7,1,0.0025,0.0025,0.0056448862887918,0.0056590163148939,9093.75,8996.29424934692,9191.20575065308,41.214053601723215,-4.0,-41.08498991282303,33.08498991282303,15.683248570187418,42767.611301737925,41439.00544006845,44096.2171634074,94.81644911244588
7,1,0.005,0.005,0.0056448862887918,0.0056731812655925,9113.5,9023.816679145926,9203.183320854074,37.92709171178678,15.75,-56.31252332648177,87.81252332648177,30.47525342681454,42767.611301737925,41439.00544006845,44096.2171634074,94.87936646421261
7,1,0.01,0.01,0.0056448862887918,0.0057016182690858,9155.25,9032.812174330751,9277.687825669249,51.77897739430549,57.5,-32.79247120448119,147.7924712044812,38.184701499048394,42767.611301737925,41439.00544006845,44096.2171634074,95.07231300963053
7,1,0.02,0.02,0.0056448862887918,0.0057589206844568,9235.125,9135.221936552298,9335.028063447702,42.24902260069794,137.375,25.587370642205073,249.1626293577949,47.27500755458125,42767.611301737925,41439.00544006845,44096.2171634074,95.44562263011308
7,1,0.05,0.05,0.0056448862887918,0.0059343054890632,9441.875,9312.443688031983,9571.306311968017,54.73652394490746,344.125,255.33969339357316,432.91030660642684,37.54732133302873,42767.611301737925,41439.00544006845,44096.2171634074,96.22160330190263
7,1,0.1,0.1,0.0056448862887918,0.0062385643832385,9728.75,9622.912307904911,9834.587692095089,44.75877806962243,631.0,550.1853306336533,711.8146693663467,34.1765374823974,42767.611301737925,41439.00544006845,44096.2171634074,97.60159055065265
7,2,-0.1,0.1,0.0184797272086143,0.0167211480438709,1378.5,1313.6558114853922,1443.3441885146078,27.422618401604176,-37.375,-83.59966199465822,8.849661994658213,19.5484174551292,7.122676299454525,4.208529997541108,10.036822601367943,21.517734304217978
7,2,-0.05,0.05,0.0184797272086143,0.0175784602761268,1366.125,1314.0602191321423,1418.1897808678577,22.01820472440281,-49.75,-71.31475645214587,-28.18524354785412,9.119739187999997,7.122676299454525,4.208529997541108,10.036822601367943,22.6334686755478
7,2,-0.02,0.02,0.0184797272086143,0.0181138049811124,1394.75,1340.149722950431,1449.350277049569,23.090466492843813,-21.125,-38.049815336706715,-4.200184663293282,7.157507297536322,7.122676299454525,4.208529997541108,10.036822601367943,23.363309956041743
7,2,-0.01,0.01,0.0184797272086143,0.0182958506047725,1412.875,1351.7719970094824,1473.9780029905176,25.84047040427642,-3.0,-14.234187366458537,8.234187366458537,4.7509397566616824,7.122676299454525,4.208529997541108,10.036822601367943,23.589812422401934
7,2,-0.005,0.005,0.0184797272086143,0.0183875579386949,1414.375,1356.7840756482058,1471.9659243517942,24.355211747913717,-1.5,-12.206291652576304,9.206291652576304,4.527692569068708,7.122676299454525,4.208529997541108,10.036822601367943,23.757592027113184
7,2,-0.0025,0.0025,0.0184797272086143,0.0184335857629776,1417.125,1361.1099271251749,1473.1400728748251,23.688783889065665,1.25,-6.2642290734994015,8.7642290734994,3.1777687590059607,7.122676299454525,4.208529997541108,10.036822601367943,23.84148182946881
7,2,0.0,0.0,0.0184797272086143,0.0184797272086143,1415.875,1361.3301834510892,1470.4198165489108,23.067012237639894,0.0,0.0,0.0,0.0,7.122676299454525,4.208529997541108,10.036822601367943,23.916982651588867
7,2,0.0025,0.0025,0.0184797272086143,0.0185259841382503,1417.0,1366.20773582877,1467.79226417123,21.48005719598663,1.125,-8.327557189781611,10.577557189781611,3.9974880505494585,7.122676299454525,4.208529997541108,10.036822601367943,24.000872453944496
7,2,0.005,0.005,0.0184797272086143,0.0185723565518856,1424.875,1370.6846322111196,1479.0653677888804,22.917115796464685,9.0,-3.448412882984739,21.44841288298474,5.264435935053794,7.122676299454525,4.208529997541108,10.036822601367943,24.05540082547565
7,2,0.01,0.01,0.0184797272086143,0.0186654515564441,1420.0,1357.4443070728967,1482.5556929271033,26.454813226653915,4.125,-15.736624667933189,23.98662466793319,8.399484465472526,7.122676299454525,4.208529997541108,10.036822601367943,24.17704103889131
7,2,0.02,0.02,0.0184797272086143,0.0188530422747135,1443.5,1377.7991800573052,1509.2008199426948,27.784887978899604,27.625,2.2084809528974283,53.04151904710257,10.748650247489548,7.122676299454525,4.208529997541108,10.036822601367943,24.462266366900437
7,2,0.05,0.05,0.0184797272086143,0.0194272026419639,1501.25,1429.115463295189,1573.384536704811,30.50570789681358,85.375,46.86630790250332,123.88369209749668,16.285332467328647,7.122676299454525,4.208529997541108,10.036822601367943,25.309553370692257
7,2,0.1,0.1,0.0184797272086143,0.0204232577234506,1589.375,1477.9810662857033,1700.7689337142967,47.10851359968204,173.5,91.09239652875654,255.90760347124348,34.85018958751464,7.122676299454525,4.208529997541108,10.036822601367943,26.739874500855677
7,7,-0.1,0.1,0.0064959600567817,0.0058777877129614,12133.25,11921.544547069168,12344.955452930832,89.53027221480532,-633.375,-755.4569059751218,-511.2930940248782,51.62845889484928,47260.84949023882,44526.62071110621,49995.07826937143,73.78108117177275
7,7,-0.05,0.05,0.0064959600567817,0.0061791483312845,12447.5,12206.444562534158,12688.555437465842,101.94238568917248,-319.125,-468.74868158092465,-169.50131841907537,63.27588050411806,47260.84949023882,44526.62071110621,49995.07826937143,74.82131472098251
7,7,-0.02,0.02,0.0064959600567817,0.0063673313707113,12582.75,12384.782812948048,12780.717187051952,83.72035722741342,-183.875,-348.07198853205637,-19.678011467943634,69.43893450363419,47260.84949023882,44526.62071110621,49995.07826937143,75.35820945605852
7,7,-0.01,0.01,0.0064959600567817,0.0064313244074583,12669.75,12473.997246063804,12865.502753936196,82.7838730844187,-96.875,-186.73676348350833,-7.0132365164916735,38.002555130261584,47260.84949023882,44526.62071110621,49995.07826937143,75.51760008053421
7,7,-0.005,0.005,0.0064959600567817,0.006463561207056,12723.75,12531.455971245216,12916.044028754784,81.32117761426863,-42.875,-98.68828608137107,12.938286081371075,23.603448219638224,47260.84949023882,44526.62071110621,49995.07826937143,75.68537968524546
7,7,-0.0025,0.0025,0.0064959600567817,0.0064797401428222,12755.75,12559.35459471759,12952.14540528241,83.05565044853101,-10.875,-37.36300440076153,15.613004400761533,11.201781586617624,47260.84949023882,44526.62071110621,49995.07826937143,75.7692694876011
7,7,0.0,0.0,0.0064959600567817,0.0064959600567817,12766.625,12575.070138513722,12958.179861486278,81.00858365012932,0.0,0.0,0.0,0.0,47260.84949023882,44526.62071110621,49995.07826937143,75.79024193819
7,7,0.0025,0.0025,0.0064959600567817,0.0065122204832732,12806.25,12614.630091490835,12997.869908509165,81.03609204722125,39.625,18.904699899930883,60.34530010006912,8.762618452429452,47260.84949023882,44526.62071110621,49995.07826937143,75.89510419113452
7,7,0.005,0.005,0.0064959600567817,0.0065285209566354,12838.5,12655.053201237333,13021.946798762667,77.579682539033,71.875,32.87805797452061,110.8719420254794,16.491813445291143,47260.84949023882,44526.62071110621,49995.07826937143,75.96221603301902
7,7,0.01,0.01,0.0064959600567817,0.0065612457692623,12876.25,12738.087221561449,13014.412778438551,58.4290626070867,109.625,31.791064140882796,187.45893585911722,32.91598477292497,47260.84949023882,44526.62071110621,49995.07826937143,76.09643971678803
7,7,0.02,0.02,0.0064959600567817,0.0066271871328353,12885.25,12762.817067391094,13007.682932608906,51.776908118250105,118.625,33.82176935051319,203.4282306494868,35.863300730492085,47260.84949023882,44526.62071110621,49995.07826937143,76.1887184993792
7,7,0.05,0.05,0.0064959600567817,0.0068290149793028,13206.125,13011.703620767705,13400.546379232295,82.2208344946705,439.5,354.2246951041588,524.7753048958413,36.06294100993032,47260.84949023882,44526.62071110621,49995.07826937143,76.9311432502265
7,7,0.1,0.1,0.0064959600567817,0.0071791466325521,13628.75,13480.384633087038,13777.115366912962,62.74373901605072,862.125,670.0763726813246,1054.1736273186752,81.21739730501095,47260.84949023882,44526.62071110621,49995.07826937143,78.10979497332303
